	sequence_id	ntot	SNC	fold_0--logcount_preds	fold_0--log_counts_diff	fold_0--log_probs_diff_abs_sum	fold_0--probs_jsd_diff	fold_1--logcount_preds	fold_1--log_counts_diff	fold_1--log_probs_diff_abs_sum	fold_1--probs_jsd_diff	fold_2--logcount_preds	fold_2--log_counts_diff	fold_2--log_probs_diff_abs_sum	fold_2--probs_jsd_diff	fold_3--logcount_preds	fold_3--log_counts_diff	fold_3--log_probs_diff_abs_sum	fold_3--probs_jsd_diff	fold_4--logcount_preds	fold_4--log_counts_diff	fold_4--log_probs_diff_abs_sum	fold_4--probs_jsd_diff	log_counts_diff_avg	logcount_preds_avg	log_probs_diff_abs_sum_avg	probs_jsd_diff_avg
0	0	0		5.07792	0.0	0.0	0.0	5.210246	0.0	0.0	0.0	4.6668944	0.0	0.0	0.0	5.2459183	0.0	0.0	0.0	5.066358	0.0	0.0	0.0	0.0	5.0534678	0.0	0.0
1	1	1	ID_7	4.831389	-0.24653101	-66.725716	-0.028789732302841063	5.0945334	-0.11571264	-42.317017	-0.017438331022657676	4.6185064	-0.048388004	-19.87791	-0.012311431762179702	5.012981	-0.23293734	-82.085815	-0.037798364387190135	4.955481	-0.11087704	-35.453766	-0.017760047348835357	-0.1508892	4.902578	-49.292046	-0.022819581364740788
2	2	1	ID_6	4.784884	-0.29303598	-70.8684	-0.030345834028225983	4.9674187	-0.24282742	-82.30179	-0.0322142454653557	4.4883265	-0.17856789	-80.382706	-0.034842318021104796	4.86268	-0.38323832	-137.14282	-0.06363488041167907	4.7699547	-0.2964034	-87.91467	-0.037995368301346547	-0.2788146	4.774653	-91.722084	-0.03980652924554242
3	3	2	ID_6_ID_7	4.8074436	-0.27047634	-69.83426	-0.030429572048874174	4.9683323	-0.2419138	-93.130905	-0.03616322384589322	4.5453296	-0.121564865	-52.909855	-0.02601357052039559	4.8769855	-0.36893272	-130.21309	-0.060083066404733376	4.7863307	-0.2800274	-86.30556	-0.03777652772217935	-0.25658303	4.7968845	-86.47874	-0.03809319210841514
4	4	1	ID_5	5.043606	-0.034314156	-14.518557	-0.010899855794236031	5.209924	-0.00032186508	-34.21183	-0.01649701634888632	4.7048945	0.038000107	36.09805	0.020873716697893032	5.2377977	-0.008120537	-11.182932	-0.008577066654026935	4.967699	-0.09865904	-39.4879	-0.01937979747419918	-0.020683099	5.0327845	-12.660634	-0.006896003914691087
5	5	2	ID_5_ID_7	4.791815	-0.28610516	-86.26723	-0.03669586495711907	5.0934315	-0.11681461	-30.040539	-0.017369422148491985	4.657362	-0.009532452	-26.543798	-0.020474642654322032	4.9877915	-0.25812674	-98.7224	-0.045940339461302604	4.8549685	-0.21138954	-72.531204	-0.03362114463009845	-0.1763937	4.877074	-62.821033	-0.030820282770266827
6	6	2	ID_5_ID_6	4.7595973	-0.31832266	-84.44557	-0.03612023856494609	4.954233	-0.25601292	-65.42556	-0.028736938653124294	4.514669	-0.1522255	-54.74096	-0.02859361903884998	4.8473554	-0.3985629	-149.41046	-0.06973354748058176	4.683858	-0.38250017	-121.17062	-0.05341183873070099	-0.30152482	4.7519426	-95.038635	-0.043319236493640625
7	7	3	ID_5_ID_6_ID_7	4.790229	-0.28769112	-80.704285	-0.034578582547651664	4.9224524	-0.28779364	-84.09204	-0.03478588614857327	4.5785103	-0.08838415	-30.369982	-0.02336484605373545	4.8552237	-0.39069462	-146.0935	-0.06776040814944798	4.6892915	-0.3770666	-124.226295	-0.05433809684724432	-0.28632602	4.7671413	-93.09722	-0.04296556394933053
8	8	1	ID_4	5.060763	-0.017157078	-14.295195	-0.012129451275679676	5.094181	-0.116065025	-35.039032	-0.016943327356797454	4.728605	0.061710358	25.538794	0.014427183041302617	5.310313	0.06439495	34.459778	0.015815122070806972	5.034156	-0.032202244	-14.661992	-0.012149701799176314	-0.0078638075	5.0456038	-0.79952985	-0.002196035063908771
9	9	2	ID_4_ID_7	4.808836	-0.26908398	-74.033424	-0.03255544088849969	4.969698	-0.24054813	-78.426285	-0.03250206243293646	4.685665	0.018770695	26.530365	0.01736039848984365	5.0554447	-0.19047356	-60.17106	-0.029700152075929867	4.9137335	-0.1526246	-45.11372	-0.022732250556378907	-0.16679192	4.8866754	-46.242825	-0.020025901492780253
10	10	2	ID_4_ID_6	4.769983	-0.30793715	-78.69502	-0.03456868643357831	4.8501163	-0.36012983	-118.699554	-0.04745295971667985	4.5494523	-0.11744213	-68.93946	-0.031884951247745465	4.887608	-0.35831022	-120.48854	-0.05745792806007043	4.721346	-0.3450122	-97.27304	-0.04296270783164338	-0.2977663	4.755701	-96.81912	-0.04286544665794349
11	11	3	ID_4_ID_6_ID_7	4.7866564	-0.29126358	-78.36305	-0.034614716853841765	4.8526597	-0.35758638	-131.5527	-0.05203779534533969	4.603167	-0.06372738	-46.070557	-0.025492023233526853	4.8998322	-0.34608603	-113.296234	-0.05397236447870755	4.7317567	-0.3346014	-97.62313	-0.043164252802916935	-0.27865297	4.774814	-93.381134	-0.041856230542866565
12	12	2	ID_4_ID_5	5.0328536	-0.045066357	-23.124392	-0.017097413566380015	5.079137	-0.13110924	-26.606218	-0.01789591217625014	4.7262506	0.059356213	37.714737	0.02264135915475502	5.2747164	0.028798103	28.497208	0.014673065304587816	4.9253407	-0.14101744	-47.492958	-0.023526341223919143	-0.04580774	5.0076594	-6.202325	-0.004241048501441293
13	13	3	ID_4_ID_5_ID_7	4.779651	-0.2982688	-90.14992	-0.03907728958295056	4.9519258	-0.25832033	-69.196205	-0.03103877745640777	4.676419	0.009524345	32.71983	0.02352130579292654	5.0067887	-0.23912954	-77.95901	-0.03834816026293259	4.8022714	-0.26408672	-83.286766	-0.03794053332682428	-0.21005622	4.843411	-57.574413	-0.024576690967237736
14	14	3	ID_4_ID_5_ID_6	4.7497096	-0.32821035	-90.35899	-0.03954155837949213	4.8179736	-0.39227247	-114.6652	-0.04772666766694771	4.540031	-0.12686348	-61.96604	-0.03253041778231934	4.8442698	-0.40164852	-140.23254	-0.06658101226259652	4.629158	-0.43720007	-132.3227	-0.05835174412992124	-0.33723897	4.7162285	-107.909096	-0.048946280044255386
15	15	4	ID_4_ID_5_ID_6_ID_7	4.778604	-0.29931593	-86.33469	-0.037793525548771224	4.8130646	-0.3971815	-131.95122	-0.053457842908836165	4.596368	-0.0705266	-39.247868	-0.027380526878536215	4.8514314	-0.3944869	-135.00613	-0.0638772860251405	4.634443	-0.43191528	-136.61826	-0.05989939438904004	-0.31868523	4.734782	-105.83164	-0.04848171515006484
16	16	1	ID_3	5.090311	0.01239109	44.767204	0.022942597874813203	5.2856445	0.075398445	23.520283	0.014983717141587385	4.687393	0.020498753	29.798115	0.01889489448128033	5.240374	-0.0055441856	-15.245446	-0.014436493870662894	5.1644135	0.09805536	27.889008	0.014293645711632197	0.040159892	5.093627	22.145832	0.011335672267730044
17	17	2	ID_3_ID_7	4.8484306	-0.22948933	-101.40158	-0.04193578580662379	5.179567	-0.030679226	-32.247536	-0.018159946364947707	4.6457567	-0.021137714	-38.497253	-0.021866164168522113	5.003203	-0.24271536	-81.56233	-0.039918406633520684	5.05029	-0.016067982	-26.981524	-0.01711904551299549	-0.10801792	4.94545	-56.138042	-0.027799869697321955
18	18	2	ID_3_ID_6	4.801602	-0.27631807	-104.32968	-0.04351923808570993	5.044726	-0.16552019	-66.91586	-0.028705505421641565	4.5091095	-0.15778494	-99.49682	-0.04406585320858709	4.8510633	-0.39485502	-138.4292	-0.06588699178107058	4.8652816	-0.20107651	-73.15765	-0.03200337582587123	-0.23911095	4.814357	-96.46584	-0.04283619286457608
19	19	3	ID_3_ID_6_ID_7	4.83103	-0.24689007	-103.75751	-0.04331846863595138	5.046866	-0.16338015	-75.62008	-0.031525285978612115	4.568338	-0.09855652	-71.32979	-0.03458807362378747	4.8603935	-0.38552475	-131.28923	-0.06233085154711363	4.877186	-0.18917227	-73.45856	-0.03257029183072107	-0.21670476	4.8367624	-91.091034	-0.04086659432323713
20	20	2	ID_3_ID_5	5.0458255	-0.03209448	-54.828552	-0.027907866343318197	5.2935596	0.083313465	54.290176	0.026091224236225702	4.719059	0.052164555	28.023808	0.02325784852816681	5.23303	-0.012888432	-19.943577	-0.01639840166799966	5.0626326	-0.0037255287	-25.47081	-0.01685553070556464	0.017353917	5.0708213	-3.585791	-0.0023625451904979965
21	21	3	ID_3_ID_5_ID_7	4.801169	-0.27675104	-120.39277	-0.0499539849019666	5.182137	-0.028109074	-31.102013	-0.02255797416282016	4.6741204	0.0072259903	24.217575	0.02381351586902371	4.9798746	-0.26604366	-95.8273	-0.04700733667180065	4.9497776	-0.11658049	-57.52815	-0.028287414236624578	-0.13605165	4.917416	-56.126534	-0.024798638820837656
22	22	3	ID_3_ID_5_ID_6	4.768443	-0.30947685	-117.78226	-0.04939270255224619	5.0336747	-0.17657137	-52.978764	-0.027088012447766745	4.5292673	-0.13762712	-75.1407	-0.03731310909139913	4.8386483	-0.40726995	-149.68842	-0.07157102437764104	4.773042	-0.2933159	-105.75718	-0.04670493747822569	-0.26485223	4.788615	-100.26946	-0.046413957189455755
23	23	4	ID_3_ID_5_ID_6_ID_7	4.8040495	-0.27387047	-115.47428	-0.0484205545117345	5.001942	-0.20830393	-65.7088	-0.030048222896789895	4.5913453	-0.075549126	-46.417847	-0.029897244402960904	4.8404436	-0.40547466	-146.75995	-0.06980316138026837	4.7756486	-0.2907095	-109.20665	-0.04802537510712736	-0.25078154	4.8026857	-96.7135	-0.045238911659776206
24	24	2	ID_3_ID_4	5.06964	-0.0082798	-53.817337	-0.02803769169823534	5.167494	-0.042752266	-23.639835	-0.017028538554795285	4.733404	0.06650972	23.5182	0.021008969256966572	5.3023167	0.05639839	36.67816	0.020692906804556804	5.1301317	0.06377363	29.705345	0.01849318966428402	0.027129937	5.080597	2.4889076	0.0030257670945553544
25	25	3	ID_3_ID_4_ID_7	4.8208528	-0.2570672	-106.88013	-0.04547652142923765	5.046559	-0.16368723	-59.002953	-0.026996394511344	4.6930857	0.026191235	30.377605	0.023063085500300534	5.044313	-0.20160532	-66.0417	-0.033814023974012286	5.0116153	-0.054742813	-33.101128	-0.021674026252705217	-0.13018227	4.9232855	-46.929665	-0.020979576133399725
26	26	3	ID_3_ID_4_ID_6	4.784956	-0.29296398	-110.81804	-0.047524536557511494	4.9177766	-0.2924695	-97.82776	-0.0406103834578882	4.5550823	-0.111812115	-86.49008	-0.04047972397789549	4.8769965	-0.36892176	-124.145996	-0.0605209510433302	4.8180985	-0.24825954	-82.970764	-0.037447681351376855	-0.2628854	4.7905817	-100.45052	-0.04531665527760044
27	27	4	ID_3_ID_4_ID_6_ID_7	4.8084946	-0.2694254	-111.49113	-0.047844375343085555	4.9220834	-0.2881627	-109.53609	-0.044552408386846626	4.6117673	-0.055127144	-62.62641	-0.0336021228547104	4.8853006	-0.36061764	-117.09418	-0.057059114977804415	4.819922	-0.24643612	-85.81215	-0.03855232933527775	-0.2439538	4.8095136	-97.31199	-0.044322070179544946
28	28	3	ID_3_ID_4_ID_5	5.0307107	-0.047209263	-63.451344	-0.03286057367918344	5.154476	-0.05576992	-27.311508	-0.021616198068170743	4.7331634	0.06626892	29.291553	0.025258827179946913	5.271017	0.0250988	31.051863	0.019758853355495046	5.0345135	-0.031844616	-30.182642	-0.02061829580139257	-0.008691216	5.044776	-12.120415	-0.006015477402660959
29	29	4	ID_3_ID_4_ID_5_ID_7	4.7841926	-0.2937274	-124.830215	-0.052929077285683725	5.02896	-0.18128586	-51.608707	-0.02670299856977404	4.6846604	0.017765999	28.974022	0.026691990402692906	4.997797	-0.24812126	-80.7897	-0.04111842487987701	4.91117	-0.15518808	-64.475685	-0.03191702650645108	-0.17211132	4.8813562	-58.54606	-0.025195107367818593
30	30	4	ID_3_ID_4_ID_5_ID_6	4.7570515	-0.3208685	-123.488205	-0.05306292546677952	4.8856573	-0.32458878	-91.08093	-0.040220170847004334	4.548845	-0.11804962	-76.57924	-0.03960464777096982	4.8326097	-0.41330862	-142.70053	-0.06943168208284581	4.7328696	-0.33348846	-114.00165	-0.05121413371501924	-0.30206078	4.7514067	-109.570114	-0.050706711976523745
31	31	5	ID_3_ID_4_ID_5_ID_6_ID_7	4.7925463	-0.2853737	-120.95411	-0.05206228168540234	4.881749	-0.32849693	-106.66613	-0.04482751503835566	4.6056976	-0.061196804	-50.96423	-0.03326266399133551	4.838483	-0.40743542	-137.3317	-0.06658102625040545	4.733265	-0.33309317	-118.634384	-0.052863321011290904	-0.2831192	4.7703485	-106.91011	-0.049919361595357974
32	32	1	ID_2	5.039433	-0.038486958	-11.884491	-0.008737975233489414	5.1278095	-0.08243656	-50.588203	-0.022551395869771014	4.78553	0.118635654	67.82172	0.0296145461934036	5.2488084	0.00289011	13.932277	0.009377258759452669	5.004425	-0.06193304	-20.802818	-0.012082913735896835	-0.012266159	5.041201	-0.30430374	-0.0008760959772601981
33	33	2	ID_2_ID_7	4.781363	-0.29655695	-71.793564	-0.03065707938139776	5.02079	-0.18945599	-83.87025	-0.03282143181760688	4.7515445	0.08465004	70.315575	0.0326033300098448	5.0196075	-0.22631073	-91.73911	-0.04065971702164735	4.88795	-0.17840815	-46.989914	-0.023197540107176538	-0.16121635	4.892251	-44.815453	-0.018946487663596745
34	34	2	ID_2_ID_6	4.7339582	-0.34396172	-75.96612	-0.03228445344264967	4.8871684	-0.32307768	-125.036545	-0.04828848663434769	4.623729	-0.043165207	-65.13391	-0.037564808256503296	4.871695	-0.37422323	-146.37875	-0.06598804422529156	4.7018185	-0.36453962	-94.97879	-0.042348998068297984	-0.2897935	4.763674	-101.498825	-0.04529495812541804
35	35	3	ID_2_ID_6_ID_7	4.7609615	-0.31695843	-72.58865	-0.03150972823370915	4.900091	-0.3101549	-129.93585	-0.050206359805368486	4.6828012	0.01590681	59.09456	0.034512284441005	4.8863287	-0.35958958	-139.0928	-0.06244658258679187	4.7131724	-0.35318565	-94.39099	-0.04240600318439793	-0.26479635	4.788671	-75.38275	-0.030411277873852487
36	36	2	ID_2_ID_5	5.003492	-0.07442808	-19.396454	-0.014432311092999705	5.1337867	-0.07645941	-38.836563	-0.022479298591815883	4.8216987	0.15480423	85.64032	0.03881272089092159	5.2397957	-0.006122589	-18.639456	-0.012878536612520105	4.9053025	-0.16105556	-47.44142	-0.024432895072565238	-0.03265228	5.020815	-7.7347155	-0.0070820640957958685
37	37	3	ID_2_ID_5_ID_7	4.7395945	-0.3383255	-92.433365	-0.03899214189882541	5.02352	-0.1867261	-60.49208	-0.027358349240592585	4.7873354	0.12044096	82.66961	0.0389700032883849	4.9930224	-0.25289583	-107.29904	-0.048669007440351277	4.7865467	-0.27981138	-80.52994	-0.0378348436427865	-0.18746357	4.866004	-51.616962	-0.02277686778683417
38	38	3	ID_2_ID_5_ID_6	4.7082686	-0.36965132	-90.2327	-0.0383470461275095	4.874591	-0.3356552	-104.970764	-0.04275832889174661	4.6544857	-0.012408733	-64.45703	-0.03755650807628624	4.8538523	-0.392066	-158.44604	-0.07238215639174195	4.608762	-0.4575963	-129.59364	-0.05798765468034057	-0.31347552	4.7399917	-109.54004	-0.04980633883352497
39	39	4	ID_2_ID_5_ID_6_ID_7	4.7430406	-0.3348794	-84.05916	-0.03608255177029801	4.8541245	-0.35612154	-118.69176	-0.04756089896190469	4.7176456	0.05075121	67.2979	0.037001861880228436	4.862162	-0.38375616	-154.50067	-0.07032068191713543	4.613785	-0.4525733	-132.46237	-0.05899643411584265	-0.29531583	4.7581515	-84.48321	-0.035191740976990474
40	40	2	ID_2_ID_4	5.0210447	-0.05687523	-19.52392	-0.015193950223044796	5.002028	-0.2082181	-78.57746	-0.03403734814045764	4.8370075	0.17011309	84.453995	0.03781422256455395	5.3115587	0.06564045	37.002754	0.017744062588341134	4.9671264	-0.09923172	-29.549252	-0.01772123763168487	-0.025714302	5.027753	-1.2387764	-0.002278850168458445
41	41	3	ID_2_ID_4_ID_7	4.7573586	-0.3205614	-79.18205	-0.034560470068965614	4.8855605	-0.32468557	-117.23487	-0.047009166795654596	4.806414	0.13951969	89.191605	0.04058501724433486	5.0620627	-0.18385553	-72.08905	-0.03259696647732508	4.8481812	-0.21817684	-56.16575	-0.02741872140011949	-0.18155193	4.8719153	-47.096027	-0.020200061499545983
42	42	3	ID_2_ID_4_ID_6	4.718432	-0.359488	-84.026886	-0.03671788141055206	4.760717	-0.44952917	-158.80939	-0.06304143171317593	4.676333	0.009438515	72.00518	0.041207398809575926	4.897254	-0.34866428	-131.3385	-0.059806200353422635	4.653027	-0.41333103	-105.81436	-0.04717699511467405	-0.3123148	4.7411523	-81.59679	-0.03310702195644975
43	43	4	ID_2_ID_4_ID_6_ID_7	4.739026	-0.3388939	-81.66364	-0.03597751474569935	4.7746644	-0.43558168	-166.04733	-0.06557826353417053	4.731728	0.06483364	73.00357	0.03993938412945545	4.9117627	-0.33415556	-123.756256	-0.05626214735673954	4.659617	-0.40674114	-108.1177	-0.0481080799346615	-0.29010773	4.7633595	-81.31627	-0.0331973242883631
44	44	3	ID_2_ID_4_ID_5	4.991149	-0.08677101	-27.375488	-0.019817722012372672	4.998467	-0.21177912	-66.33489	-0.03160108108531043	4.836814	0.16991949	94.40126	0.043181720634357684	5.2776203	0.03170204	31.25802	0.016847202676566447	4.8593593	-0.20699883	-56.415993	-0.02861467250657441	-0.060785484	4.992682	-4.8934183	-0.004000910458666676
45	45	4	ID_2_ID_4_ID_5_ID_7	4.727452	-0.35046816	-96.63986	-0.04162492499044035	4.8772893	-0.3329568	-104.74684	-0.04410484285715452	4.8001738	0.13327932	92.59157	0.04413260707783781	5.014748	-0.23117018	-88.05998	-0.040977471635186224	4.735339	-0.33101892	-91.107765	-0.042062816439071726	-0.22246695	4.8310003	-57.59258	-0.024927489768803
46	46	4	ID_2_ID_4_ID_5_ID_6	4.697806	-0.38011408	-96.36589	-0.041941687247503974	4.736236	-0.47401	-151.85048	-0.061763408957441916	4.6734586	0.0065641403	74.93094	0.043337050911378516	4.8546443	-0.39127398	-149.9445	-0.06898853754400208	4.5595965	-0.50676155	-139.82506	-0.06243994927399363	-0.3491191	4.7043486	-92.611	-0.03835930642231262
47	47	5	ID_2_ID_4_ID_5_ID_6_ID_7	4.7310596	-0.3468604	-89.86418	-0.03935584548504837	4.7414193	-0.46882677	-163.22086	-0.06589243358945938	4.730423	0.06352854	76.93211	0.042604003706187485	4.8644137	-0.38150454	-144.2331	-0.06623624329295356	4.5619235	-0.5044346	-144.38045	-0.06402305327690605	-0.32761955	4.725848	-92.95329	-0.03858071438763598
48	48	2	ID_2_ID_3	5.046226	-0.031693935	-47.159107	-0.025346598602088797	5.2026787	-0.0075674057	-43.109283	-0.023554865708317524	4.8122296	0.1453352	56.67559	0.02959039989741945	5.247541	0.0016226768	23.003374	0.017466691917616812	5.0930142	0.02665615	28.338634	0.01756855170842818	0.026870538	5.080338	3.5498424	0.003144835842611625
49	49	3	ID_2_ID_3_ID_7	4.7926073	-0.28531265	-106.886505	-0.04439544874402042	5.10044	-0.10980606	-67.84335	-0.030101967316555584	4.7828903	0.115995884	61.14367	0.032602965800754904	5.0157	-0.23021841	-90.46772	-0.04204024293125206	4.9725404	-0.09381771	-37.4568	-0.021948591936017156	-0.12063179	4.9328356	-48.302143	-0.021176657025418065
50	50	3	ID_2_ID_3_ID_6	4.7437944	-0.33412552	-110.171684	-0.04620064507931764	4.9589453	-0.2513008	-107.73959	-0.043703484074464616	4.6469088	-0.019985676	-72.21314	-0.04072082821884749	4.8686247	-0.3772936	-145.47125	-0.06699869302241719	4.785637	-0.2807212	-79.98271	-0.036839841155937005	-0.25268537	4.800782	-103.11568	-0.04689269831019678
51	51	4	ID_2_ID_3_ID_6_ID_7	4.7784734	-0.29944658	-106.93742	-0.04489963955595147	4.972503	-0.2377429	-113.71571	-0.04552938334815317	4.7097597	0.042865276	58.490784	0.03628900636765129	4.8800907	-0.36582756	-137.58417	-0.0630406450363004	4.794319	-0.27203894	-80.481125	-0.03734957605667755	-0.22643813	4.827029	-76.04553	-0.03090604752588626
52	52	3	ID_2_ID_3_ID_5	4.9995213	-0.078398705	-57.461716	-0.03021104597649781	5.220744	0.010498047	40.404953	0.027781021488395594	4.840373	0.1734786	71.07982	0.03633233348506223	5.2405806	-0.005337715	-26.541637	-0.01930744722511578	4.9899817	-0.07637644	-36.183308	-0.022029144473106325	0.0047727586	5.0582404	-1.7403778	-0.001486856540252418
53	53	4	ID_2_ID_3_ID_5_ID_7	4.7429643	-0.3349557	-126.286156	-0.05281268151522937	5.1122503	-0.09799576	-49.650066	-0.02815293309100486	4.8076725	0.14077806	71.16043	0.03756471528480615	4.993173	-0.25274515	-103.81523	-0.048940443556356496	4.870332	-0.19602633	-64.121956	-0.03262639722319122	-0.14818898	4.9052787	-54.542595	-0.024993548020195162
54	54	4	ID_2_ID_3_ID_5_ID_6	4.707551	-0.37036896	-124.41394	-0.05269984156556038	4.9560347	-0.25421143	-88.21041	-0.03901099445289051	4.671883	0.0049886703	62.84252	0.039079799397733025	4.8547506	-0.39116764	-156.7361	-0.07283326755332668	4.689876	-0.376482	-111.73453	-0.050870656206765064	-0.27744827	4.776019	-83.6505	-0.03526699207616192
55	55	5	ID_2_ID_3_ID_5_ID_6_ID_7	4.7501087	-0.32781124	-118.72094	-0.050350050337512	4.9349594	-0.27528667	-99.80182	-0.04213360880893757	4.734856	0.06796169	60.625053	0.03724697602081746	4.859635	-0.3862834	-152.95418	-0.07073813988719248	4.695775	-0.37058306	-114.53113	-0.05203086425449243	-0.25840053	4.795067	-85.0766	-0.035601137453463404
56	56	3	ID_2_ID_3_ID_4	5.0226564	-0.05526352	-57.645863	-0.030921916269879127	5.0846386	-0.12560749	-63.344357	-0.030257767036319126	4.8479753	0.18108082	70.768265	0.036234930437213896	5.312703	0.06678486	41.67869	0.023016830030802318	5.0564165	-0.009941578	-29.885437	-0.021047464862087636	0.011410618	5.064878	-7.68574	-0.004595077540053935
57	57	4	ID_2_ID_3_ID_4_ID_7	4.764062	-0.31385803	-113.82731	-0.04868865120473087	4.9695396	-0.24070644	-94.08873	-0.040109212411388234	4.817324	0.15042973	75.19901	0.0386656269651872	5.0615582	-0.18436003	-74.78522	-0.0354920762011206	4.936941	-0.12941694	-42.655525	-0.02584133930304305	-0.14358234	4.909885	-50.031555	-0.02229313043101911
58	58	4	ID_2_ID_3_ID_4_ID_6	4.7260838	-0.3518362	-118.44424	-0.05124247609130068	4.83345	-0.37679625	-135.31982	-0.05521842692582371	4.6835523	0.01665783	71.56253	0.04325855665512411	4.899061	-0.34685707	-132.06729	-0.06121402661173299	4.7391343	-0.32722378	-90.67543	-0.041854341053868406	-0.2772111	4.776256	-80.98885	-0.03325414280552033
59	59	5	ID_2_ID_3_ID_4_ID_6_ID_7	4.7556586	-0.32226133	-115.81872	-0.04994925852343132	4.8472047	-0.3630414	-142.77908	-0.057629022352636526	4.742462	0.07556772	67.75656	0.04113910457563003	4.9093323	-0.336586	-124.69928	-0.05777943525848049	4.741242	-0.32511616	-94.13351	-0.043129959918289766	-0.25428742	4.79918	-81.93481	-0.03346971429544161
60	60	4	ID_2_ID_3_ID_4_ID_5	4.9835844	-0.094335556	-67.52281	-0.03573814926890283	5.081081	-0.12916517	-54.590874	-0.030646904621885962	4.8460827	0.17918825	78.83531	0.040436245897721476	5.281574	0.0356555	36.098106	0.022136632684890706	4.9597425	-0.10661554	-40.176483	-0.025016201811733904	-0.023054505	5.030413	-9.47135	-0.0057656754239821025
61	61	5	ID_2_ID_3_ID_4_ID_5_ID_7	4.7253795	-0.3525405	-132.31311	-0.05662634686027172	4.9592633	-0.25098276	-83.238716	-0.038013787275346045	4.811654	0.14475965	80.48635	0.04244249663727524	5.0157523	-0.23016596	-88.25931	-0.0424834338063222	4.8383555	-0.22800255	-72.27382	-0.035872306465919164	-0.18338642	4.870081	-59.119713	-0.026110675554116773
62	62	5	ID_2_ID_3_ID_4_ID_5_ID_6	4.6969137	-0.38100624	-131.43231	-0.05702963787569905	4.8079348	-0.40231133	-128.7575	-0.05424899315888566	4.683427	0.016532421	71.483086	0.04452442484970921	4.8541417	-0.39177656	-149.43216	-0.07003569755513096	4.657199	-0.40915918	-120.3178	-0.054932721445258965	-0.31354418	4.739923	-91.69134	-0.03834452503705309
63	63	6	ID_2_ID_3_ID_4_ID_5_ID_6_ID_7	4.7395697	-0.3383503	-125.24815	-0.054406534236930176	4.813347	-0.39689922	-138.53723	-0.057264440291355335	4.7427306	0.07583618	72.20099	0.04359634442966657	4.8615894	-0.38432884	-143.93578	-0.06728579959644866	4.6572604	-0.40909767	-125.43097	-0.056600334372665886	-0.29056796	4.7628994	-92.19023	-0.0383921528135467
64	64	1	ID_1	5.079399	0.0014791489	10.488462	0.008148450079456276	5.188106	-0.022140026	-23.62484	-0.011622881150831006	4.628619	-0.03827524	-17.603842	-0.011395613670592983	5.2058244	-0.0400939	-21.563318	-0.010631560594923465	5.0019436	-0.0644145	-38.08522	-0.0180810405124379	-0.032688905	5.0207787	-18.077751	-0.008716529169865816
65	65	2	ID_1_ID_7	4.831917	-0.24600315	-68.94566	-0.030373205099281823	5.0705976	-0.13964844	-53.17777	-0.021796302924630383	4.5808115	-0.086082935	-28.36251	-0.01672467781895081	4.9711523	-0.27476597	-92.697205	-0.043205028831723176	4.8858094	-0.18054867	-60.961864	-0.027779496118259736	-0.18540983	4.8680577	-60.829	-0.027975742158569183
66	66	2	ID_1_ID_6	4.785053	-0.29286718	-72.749054	-0.03181398972080064	4.939745	-0.27050114	-94.77901	-0.03687111384515208	4.446936	-0.2199583	-84.67613	-0.0373520227520386	4.818396	-0.42752218	-147.46263	-0.06898679268943184	4.697531	-0.36882687	-109.24475	-0.045853245076096574	-0.31593513	4.737532	-101.78231	-0.04417543281670394
67	67	3	ID_1_ID_6_ID_7	4.8091726	-0.26874733	-71.26808	-0.03158241291794555	4.9431787	-0.26706743	-104.65789	-0.040591694402443756	4.5033183	-0.16357613	-58.32526	-0.02866105308405946	4.8322062	-0.41371202	-140.59993	-0.06554573358171667	4.7139325	-0.35242558	-107.102264	-0.045702016849614086	-0.2931057	4.7603617	-96.39068	-0.04241658216715591
68	68	2	ID_1_ID_5	5.0445585	-0.033361435	-18.485104	-0.013632163207214361	5.186526	-0.023720264	-35.88197	-0.01917078454461495	4.666634	-0.0002603531	-41.4929	-0.023952595612834093	5.198128	-0.04779005	-29.172863	-0.014582461553867415	4.89982	-0.16653824	-67.83142	-0.030448614399548247	-0.054334067	4.999133	-38.572853	-0.02035732386361581
69	69	3	ID_1_ID_5_ID_7	4.7914214	-0.28649855	-87.84248	-0.037919681139625634	5.0671973	-0.14304876	-40.02893	-0.020229606835263474	4.6189137	-0.047980785	-33.118828	-0.023477640398973945	4.945888	-0.30003023	-110.482056	-0.051448256191882216	4.7797666	-0.28659153	-96.59826	-0.04255816599931599	-0.21282998	4.840637	-73.61411	-0.03512667011301225
70	70	3	ID_1_ID_5_ID_6	4.7591	-0.31882	-86.25761	-0.03736654845867091	4.9249544	-0.28529167	-77.7195	-0.03292980315119118	4.4735637	-0.19333076	-61.06545	-0.031455624485925975	4.8020296	-0.44388866	-160.98343	-0.07528831873288165	4.6074123	-0.45894575	-144.11508	-0.06163126714913339	-0.34005538	4.7134123	-106.02822	-0.04773431239556063
71	71	4	ID_1_ID_5_ID_6_ID_7	4.7910795	-0.28684044	-81.92758	-0.03558647149865135	4.893953	-0.31629324	-96.501205	-0.0391986797753778	4.5379663	-0.12892818	-40.05521	-0.026219084492596884	4.809497	-0.4364214	-157.7161	-0.07344921099847307	4.611666	-0.4546919	-146.4013	-0.06265618136989612	-0.32463503	4.728832	-104.52028	-0.04742192562699905
72	72	2	ID_1_ID_4	5.062256	-0.0156641	-19.796223	-0.014579900704088121	5.070083	-0.14016294	-50.743782	-0.022755500221905162	4.6912694	0.024374962	27.760761	0.016764116710332885	5.2712955	0.025377274	32.877808	0.01532703966841638	4.9723573	-0.09400082	-46.51424	-0.023134870565167567	-0.040015124	5.013452	-11.283136	-0.005675823022482318
73	73	3	ID_1_ID_4_ID_7	4.8102407	-0.2676792	-75.92053	-0.033887925799856146	4.9429874	-0.26725864	-91.36098	-0.03714891259925518	4.6479073	-0.018987179	-30.013046	-0.019363646810096415	5.013831	-0.23208714	-69.07145	-0.03452519783971392	4.8466067	-0.21975136	-70.249886	-0.0317622717639266	-0.20115271	4.852315	-67.32317	-0.03133759096256965
74	74	3	ID_1_ID_4_ID_6	4.7707205	-0.30719948	-80.54533	-0.0358012019021877	4.820439	-0.38980722	-133.16478	-0.05288034563880537	4.508084	-0.15881062	-70.80148	-0.033257919566067495	4.8426995	-0.40321875	-131.16339	-0.06274297542454901	4.651119	-0.41523886	-118.8742	-0.05029988704244134	-0.334855	4.718612	-106.909836	-0.04699646591481019
75	75	4	ID_1_ID_4_ID_6_ID_7	4.788976	-0.28894377	-79.77393	-0.03560389200842721	4.824793	-0.38545322	-145.22876	-0.05721136809294719	4.5612164	-0.10567808	-49.573	-0.026951772156571192	4.8543262	-0.39159203	-124.032524	-0.059276332249566153	4.6622357	-0.40412235	-119.339195	-0.05104183771549162	-0.3151579	4.7383094	-103.58948	-0.04601704044460067
76	76	3	ID_1_ID_4_ID_5	5.0332932	-0.044626713	-26.34349	-0.018849163044602005	5.055785	-0.1544609	-45.49276	-0.023178929307197067	4.6900373	0.023142815	43.087116	0.024855220844849635	5.2368455	-0.009072781	-30.111198	-0.01573319341175412	4.858253	-0.20810509	-76.4247	-0.0350238838086526	-0.07862453	4.974843	-27.057007	-0.013585989745471233
77	77	4	ID_1_ID_4_ID_5_ID_7	4.7794003	-0.2985196	-91.44838	-0.040092281700447915	4.9255004	-0.2847457	-82.695404	-0.0356326802031092	4.639312	-0.027582645	-37.627747	-0.025259960943056974	4.9654975	-0.28042078	-90.254135	-0.04365116860260839	4.728925	-0.33743286	-109.46459	-0.047601361989435285	-0.24574032	4.807727	-82.29805	-0.03844749068773155
78	78	4	ID_1_ID_4_ID_5_ID_6	4.7492504	-0.32866955	-91.87964	-0.0405706409903468	4.7887974	-0.4214487	-128.80284	-0.052600456549959825	4.5003734	-0.16652107	-64.35248	-0.03405525684723069	4.799338	-0.4465804	-152.31372	-0.07200061689756612	4.5545635	-0.51179457	-156.99924	-0.06686032597145655	-0.37500286	4.6784644	-118.86958	-0.053217459451311996
79	79	5	ID_1_ID_4_ID_5_ID_6_ID_7	4.779858	-0.29806185	-87.50642	-0.03862978156748405	4.7838817	-0.42636442	-145.25058	-0.05837543666122865	4.557864	-0.10903025	-46.0567	-0.029026783243973373	4.8061266	-0.43979168	-146.82187	-0.06925763490549759	4.5606666	-0.5056915	-160.24449	-0.06848625941363534	-0.35578793	4.6976795	-117.17601	-0.052755179158363794
80	80	2	ID_1_ID_3	5.0916305	0.013710499	46.5104	0.024425456249418127	5.2659674	0.055721283	26.804365	0.01779584363120804	4.652037	-0.014857292	-35.118828	-0.021887423189269162	5.2013464	-0.044571877	-30.123194	-0.018245281890287447	5.1049476	0.038589478	34.79931	0.01958026101081654	0.009718418	5.0631857	8.574411	0.0043337711623772195
81	81	3	ID_1_ID_3_ID_7	4.8492937	-0.22862625	-103.18523	-0.043145277717111304	5.1574492	-0.05279684	-40.891273	-0.021100375781714434	4.6116285	-0.055265903	-43.37059	-0.024492875679666445	4.962187	-0.28373146	-92.18155	-0.045296809546445396	4.984315	-0.08204317	-45.415535	-0.023389735327098916	-0.14049272	4.9129744	-65.008835	-0.0314850148104073
82	82	3	ID_1_ID_3_ID_6	4.802681	-0.275239	-105.43675	-0.044413132200672244	5.018819	-0.19142723	-77.639755	-0.0326940484640047	4.471108	-0.19578648	-101.47333	-0.04570683857510653	4.807782	-0.4381361	-148.95555	-0.07133243495542194	4.7965345	-0.26982355	-87.203094	-0.03789298686797123	-0.27408248	4.7793856	-104.1417	-0.046407888212635334
83	83	4	ID_1_ID_3_ID_6_ID_7	4.8336463	-0.24427366	-104.33095	-0.04403947173485563	5.022219	-0.1880269	-86.69387	-0.03567013082551165	4.5294414	-0.13745308	-74.650406	-0.03661496111065367	4.816034	-0.42988443	-141.93977	-0.06790210852280225	4.808146	-0.2582121	-87.63221	-0.03870686527932279	-0.25157005	4.8018975	-99.04944	-0.0445867074946292
84	84	3	ID_1_ID_3_ID_5	5.046129	-0.031790733	-56.460228	-0.029308825280821744	5.270364	0.06011772	54.560474	0.027006858324956504	4.6834793	0.016584873	35.55677	0.02607248439807052	5.195368	-0.05055046	-35.47291	-0.02048282008667457	4.999611	-0.06674719	-49.234035	-0.024798043930779185	-0.014477158	5.03899	-10.209986	-0.004302069315049695
85	85	4	ID_1_ID_3_ID_5_ID_7	4.8005667	-0.2773533	-122.5011	-0.05118316005437743	5.1572886	-0.052957535	-35.747715	-0.023579207572374822	4.63853	-0.028364658	-33.36607	-0.026394961881603726	4.939381	-0.30653715	-108.236435	-0.05261553955754285	4.878816	-0.18754196	-74.491684	-0.03506229349235335	-0.17055091	4.8829165	-74.86861	-0.037767032511650436
86	86	4	ID_1_ID_3_ID_5_ID_6	4.7680206	-0.30989933	-119.31729	-0.050383615745568856	5.0059104	-0.20433569	-62.48941	-0.030136512077621674	4.4901023	-0.17679214	-78.79563	-0.039512279985470605	4.7952337	-0.45068455	-161.93417	-0.07721526535076555	4.7032027	-0.36315536	-120.74639	-0.05278976057397518	-0.30097342	4.7524943	-108.65658	-0.050007486746680374
87	87	5	ID_1_ID_3_ID_5_ID_6_ID_7	4.805651	-0.27226877	-116.36941	-0.049167649482714244	4.974277	-0.23596907	-75.9068	-0.033573313390742356	4.553215	-0.11367941	-52.637688	-0.03230750150083007	4.796033	-0.44988537	-159.28168	-0.07560904738545808	4.7039385	-0.3624196	-124.53351	-0.05429719540618109	-0.28684443	4.766623	-105.74583	-0.04899094143318517
88	88	3	ID_1_ID_3_ID_4	5.0712786	-0.006641388	-54.80185	-0.029100803070912236	5.1459627	-0.06428337	-39.949593	-0.021768698879532943	4.6964545	0.02956009	27.45142	0.02305283388592894	5.2643495	0.018431187	34.41937	0.020570443654611133	5.072953	0.0065951347	38.95253	0.02373868913693982	-0.0032676696	5.0502	1.2143761	0.003298492945406943
89	89	4	ID_1_ID_3_ID_4_ID_7	4.8228354	-0.2550845	-108.5271	-0.04655968892009375	5.022718	-0.18752813	-70.32063	-0.03118349240064488	4.6561775	-0.010716915	-34.384773	-0.024972673751625624	5.0027246	-0.24319363	-74.30501	-0.03850756995735551	4.946146	-0.12021208	-51.210182	-0.027159032880993878	-0.16334705	4.8901205	-67.74954	-0.03367649158214273
90	90	4	ID_1_ID_3_ID_4_ID_6	4.7862673	-0.29165268	-111.93148	-0.048367352798233676	4.8912187	-0.31902742	-110.85567	-0.04560863536974679	4.515765	-0.15112925	-88.35251	-0.042044997275940486	4.8323855	-0.41353273	-134.60078	-0.06597342101410561	4.7516	-0.3147583	-97.35567	-0.04271131853732963	-0.29802006	4.7554474	-108.61922	-0.04894114499907124
91	91	5	ID_1_ID_3_ID_4_ID_6_ID_7	4.8115377	-0.26638222	-112.20495	-0.04849132250891205	4.8968124	-0.31343365	-121.777855	-0.04938208106726936	4.5712247	-0.09566975	-65.4339	-0.035315377001642265	4.8401775	-0.40574074	-127.30776	-0.062455325253238055	4.754193	-0.31216526	-99.97653	-0.04411287680409856	-0.27867833	4.774789	-105.340195	-0.04795139652703206
92	92	4	ID_1_ID_3_ID_4_ID_5	5.0313387	-0.04658127	-64.27207	-0.03388082428271371	5.132011	-0.07823515	-40.93747	-0.02526764246081804	4.6963143	0.029419899	35.65061	0.027210346565571142	5.234445	-0.011473179	-33.241188	-0.020872471567658264	4.9698057	-0.09655237	-56.863327	-0.028897197697824922	-0.040684413	5.012783	-31.93269	-0.016341557888688758
93	93	5	ID_1_ID_3_ID_4_ID_5_ID_7	4.7842593	-0.29366064	-126.48069	-0.05400894462301629	5.0045896	-0.20565653	-63.32052	-0.030506753909248237	4.6471577	-0.019736767	-36.1867	-0.028408970260228462	4.956574	-0.2893443	-92.58975	-0.046509334731217516	4.8390613	-0.22729683	-84.44238	-0.038895560216974934	-0.20713902	4.8463283	-80.60401	-0.03966591274813709
94	94	5	ID_1_ID_3_ID_4_ID_5_ID_6	4.756926	-0.3209939	-124.637535	-0.05390939029585918	4.8590145	-0.35123158	-104.75438	-0.04487038335688638	4.509	-0.15789461	-78.60064	-0.041131643138739675	4.787969	-0.45794916	-155.47986	-0.0751656312698503	4.661747	-0.4046111	-132.07687	-0.057651626671625274	-0.33853608	4.714931	-119.10986	-0.054545734946592164
95	95	6	ID_1_ID_3_ID_4_ID_5_ID_6_ID_7	4.7943707	-0.2835493	-121.593445	-0.052618079521304	4.855129	-0.35511732	-118.52456	-0.049359784075378325	4.566821	-0.10007334	-55.228752	-0.03489941419518234	4.7933626	-0.45255566	-149.82697	-0.07234675132383662	4.661913	-0.40444517	-136.04102	-0.059278575029735735	-0.31914815	4.734319	-116.24294	-0.0537005208290874
96	96	2	ID_1_ID_2	5.0395336	-0.038386345	-18.069563	-0.012312289852652055	5.102856	-0.10738993	-67.71844	-0.029823434965555562	4.749012	0.08211756	66.386215	0.029510561164859464	5.210827	-0.0350914	-22.69688	-0.013631821612769981	4.9478264	-0.118531704	-49.017372	-0.023079754522643506	-0.043456364	5.0100107	-18.22321	-0.009867347957752329
97	97	3	ID_1_ID_2_ID_7	4.7812924	-0.29662752	-73.5331	-0.03196847589751445	4.9953547	-0.21489143	-94.77948	-0.03849548440970635	4.714718	0.04782343	67.16469	0.03223188674178339	4.979815	-0.26610327	-98.18979	-0.045096121654941666	4.8252025	-0.24115562	-71.01376	-0.032526327116146114	-0.19419089	4.859277	-54.07029	-0.023170904467305038
98	98	3	ID_1_ID_2_ID_6	4.7333317	-0.34458828	-77.58905	-0.03355604775728052	4.8577557	-0.35249043	-136.95068	-0.05394345585544306	4.581677	-0.085217476	-65.811874	-0.036994996231099274	4.829718	-0.41620016	-153.08612	-0.07059758724052448	4.636552	-0.42980623	-114.54321	-0.04997350094857425	-0.32566053	4.727807	-109.59619	-0.04901311760658432
99	99	4	ID_1_ID_2_ID_6_ID_7	4.761327	-0.31659317	-73.98178	-0.03259402176255889	4.8720403	-0.3382058	-141.21365	-0.05564671798324433	4.64203	-0.024864674	-55.38826	-0.033950884529622236	4.843747	-0.40217113	-145.92807	-0.06708605698694481	4.648795	-0.41756296	-114.1618	-0.05038255748929723	-0.29987955	4.753588	-106.134705	-0.0479320477503335
100	100	3	ID_1_ID_2_ID_5	5.003071	-0.07484913	-23.67086	-0.016809523125805383	5.1080747	-0.10217142	-58.820686	-0.029073515440063022	4.784014	0.11711979	87.17472	0.03926453793740436	5.2027745	-0.04314375	-28.721287	-0.016954358375748376	4.843403	-0.22295523	-75.34328	-0.034885262790924146	-0.06519995	4.988267	-19.876278	-0.011691624359027314
101	101	4	ID_1_ID_2_ID_5_ID_7	4.7377634	-0.34015656	-94.06403	-0.04016909766713742	4.9962416	-0.21400452	-74.97908	-0.03331167344978831	4.7488284	0.081933975	80.65901	0.038745037143675075	4.953568	-0.2923503	-114.89735	-0.05329270521480586	4.719209	-0.3471489	-102.19416	-0.046914431755524844	-0.22234526	4.8311224	-61.095123	-0.026988574188716273
102	102	4	ID_1_ID_2_ID_5_ID_6	4.7063894	-0.37153053	-92.215935	-0.03960418627685123	4.842671	-0.36757517	-118.89586	-0.048769285990473	4.611726	-0.05516863	-61.58563	-0.03701497292618558	4.8117657	-0.4341526	-165.94615	-0.0771175666804011	4.540588	-0.5257702	-151.05087	-0.0662245332774442	-0.35083944	4.702628	-117.93889	-0.053746109030271015
103	103	5	ID_1_ID_2_ID_5_ID_6_ID_7	4.742194	-0.33572578	-85.17827	-0.03700270505268502	4.8235536	-0.38669252	-132.9595	-0.05385177527368621	4.6775494	0.010654926	63.96838	0.03661863954585681	4.8198504	-0.42606783	-162.49072	-0.07521701474797231	4.5450025	-0.5213556	-153.9214	-0.06750075067217522	-0.33183736	4.72163	-94.116295	-0.03939072124013239
104	104	3	ID_1_ID_2_ID_4	5.0210977	-0.0568223	-24.861866	-0.017496961400073705	4.9760303	-0.23421574	-95.86567	-0.04108725831932963	4.7998724	0.13297796	83.29793	0.03724481311390812	5.2741957	0.028277397	34.956184	0.017298600186938042	4.9142675	-0.15209055	-57.75918	-0.02791310932081171	-0.056374647	4.9970922	-12.046521	-0.006390783147873777
105	105	4	ID_1_ID_2_ID_4_ID_7	4.7569857	-0.3209343	-80.88443	-0.03576633954521784	4.85762	-0.35262632	-131.24367	-0.05323758921984102	4.769062	0.10216761	86.54452	0.0398020299168451	5.022967	-0.22295141	-76.42348	-0.03659883140361272	4.787553	-0.27880526	-79.20749	-0.03654885478608131	-0.21462993	4.8388376	-56.24291	-0.024469917007581554
106	106	4	ID_1_ID_2_ID_4_ID_6	4.717036	-0.3608842	-85.63469	-0.037852685653825074	4.7308946	-0.47935152	-173.75299	-0.06941937409634973	4.632723	-0.03417158	-67.88652	-0.03955186442081102	4.8566437	-0.3892746	-136.8345	-0.06414576053968869	4.589616	-0.47674227	-126.2227	-0.05488140352144263	-0.34808484	4.7053823	-118.066284	-0.05317021764642342
107	107	5	ID_1_ID_2_ID_4_ID_6_ID_7	4.738986	-0.33893394	-83.36424	-0.03710042695030509	4.746362	-0.46388388	-179.5103	-0.07148775082314238	4.691077	0.024182796	68.395996	0.038589341784472625	4.869514	-0.3764043	-129.50981	-0.06061560436939113	4.598006	-0.46835232	-128.91763	-0.05639472562351222	-0.32467833	4.728789	-90.58119	-0.03740183319637564
108	108	4	ID_1_ID_2_ID_4_ID_5	4.990611	-0.08730888	-31.138939	-0.02162854632201639	4.9730744	-0.23717165	-86.68004	-0.038926782877467474	4.8003855	0.13349104	95.4413	0.043136038032749256	5.241593	-0.00432539	-31.610348	-0.01767546471686438	4.7986665	-0.2676916	-83.88089	-0.03944588514506564	-0.0926013	4.960866	-27.573782	-0.014908128205732927
109	109	5	ID_1_ID_2_ID_4_ID_5_ID_7	4.72566	-0.3522601	-98.0906	-0.042673123536619374	4.8489537	-0.36129236	-121.027374	-0.05052424465211281	4.762618	0.09572363	90.53378	0.043409782612645574	4.97632	-0.26959848	-94.83642	-0.04539933639749809	4.6687956	-0.3975625	-114.92199	-0.0518643569153801	-0.25699797	4.796469	-67.668526	-0.029410255777792958
110	110	5	ID_1_ID_2_ID_4_ID_5_ID_6	4.695661	-0.3822589	-97.950195	-0.0430308970855544	4.7045903	-0.50565577	-167.76964	-0.06808737044760668	4.6315002	-0.03539419	-70.94551	-0.04193824252801568	4.8139586	-0.43195963	-156.51599	-0.07347039908700558	4.490889	-0.575469	-163.36115	-0.07128917681018601	-0.3861475	4.66732	-131.3085	-0.05956321719167368
111	111	6	ID_1_ID_2_ID_4_ID_5_ID_6_ID_7	4.730083	-0.34783697	-91.21268	-0.040348615423341366	4.7100635	-0.5001826	-178.71683	-0.07220216490671252	4.69127	0.024375439	73.90755	0.04164492268240149	4.8225856	-0.4233327	-150.87854	-0.07063995379192549	4.4954314	-0.57092667	-166.9265	-0.07289701506355564	-0.3635807	4.689887	-102.7654	-0.04288856530062671
112	112	3	ID_1_ID_2_ID_3	5.047274	-0.030645847	-48.603012	-0.026788815232996664	5.181374	-0.028872013	-59.547348	-0.02940387260564213	4.7766275	0.109733105	52.78643	0.029100971087904413	5.209542	-0.036376476	-30.483074	-0.020202216060442455	5.036244	-0.030114174	-43.909157	-0.023266111010476667	-0.0032550811	5.050212	-25.951233	-0.014112008764330702
113	113	4	ID_1_ID_2_ID_3_ID_7	4.793434	-0.28448582	-107.88043	-0.04540789506266186	5.078551	-0.13169527	-79.52567	-0.03521402565402007	4.747014	0.08011961	57.152485	0.032059242356781995	4.97698	-0.26893806	-96.85844	-0.04641950853794294	4.9098573	-0.15650082	-58.40499	-0.02849362631973021	-0.15230007	4.901167	-57.103413	-0.024695162643514616
114	114	4	ID_1_ID_2_ID_3_ID_6	4.7444825	-0.33343744	-110.66516	-0.04699406304584307	4.9331717	-0.27707434	-119.44801	-0.0489929564197747	4.6061273	-0.060767174	-71.84361	-0.039881454186842684	4.8283167	-0.4176016	-152.05612	-0.07154844076197388	4.721529	-0.34482908	-94.79959	-0.0427225820877842	-0.2867419	4.7667255	-109.7625	-0.0500278993004437
115	115	5	ID_1_ID_2_ID_3_ID_6_ID_7	4.7802253	-0.29769468	-107.37108	-0.045649451748380206	4.946931	-0.2633152	-125.17575	-0.05084682778607185	4.6693716	0.002477169	54.700943	0.035510726511181555	4.8378787	-0.40803957	-144.80136	-0.06790317490738386	4.7316422	-0.33471584	-95.47743	-0.043579152318246384	-0.26025763	4.7932096	-83.62494	-0.03449357604978015
116	116	4	ID_1_ID_2_ID_3_ID_5	4.999281	-0.07863903	-58.864834	-0.03164884363387979	5.1967216	-0.013524532	-54.43053	-0.03180268429074756	4.8070526	0.14015818	70.62967	0.03679675253060081	5.2042723	-0.041646004	-35.34745	-0.022448624470114607	4.927485	-0.1388731	-61.786854	-0.03011335842119216	-0.026504898	5.0269628	-27.960001	-0.015843351657066664
117	117	5	ID_1_ID_2_ID_3_ID_5_ID_7	4.7420096	-0.33591032	-127.773865	-0.053952631312336845	5.0877852	-0.12246084	-62.432076	-0.03235072003234659	4.772965	0.10607052	68.40112	0.03744353871847036	4.954872	-0.29104614	-111.53982	-0.053612527859367716	4.802591	-0.26376724	-83.13876	-0.040074321294910474	-0.1814228	4.8720446	-63.29668	-0.028509332356098253
118	118	5	ID_1_ID_2_ID_3_ID_5_ID_6	4.706648	-0.3712721	-125.536575	-0.05370002115462773	4.928219	-0.28202724	-100.579575	-0.04415079396347768	4.631409	-0.035485268	-60.017975	-0.03855636038431267	4.814193	-0.4317255	-163.92764	-0.07754245469578845	4.622553	-0.44380522	-127.96672	-0.05768050335608454	-0.31286305	4.740604	-115.6057	-0.05432602671085821
119	119	6	ID_1_ID_2_ID_3_ID_5_ID_6_ID_7	4.750916	-0.32700396	-119.06803	-0.05102212338733195	4.9070344	-0.3032117	-112.06819	-0.047491298783626935	4.696783	0.02988863	56.56588	0.03686376909792359	4.816831	-0.42908716	-161.00195	-0.07585218172511135	4.6266327	-0.4397254	-130.85738	-0.05895957788694435	-0.29382792	4.7596393	-93.285934	-0.0392922825370182
120	120	4	ID_1_ID_2_ID_3_ID_4	5.0241995	-0.053720474	-58.626556	-0.03196567723137294	5.0602126	-0.15003347	-80.06712	-0.03644641542350182	4.811941	0.14504671	67.65257	0.03584979020636582	5.2746444	0.0287261	38.88974	0.02272480190000466	5.0046225	-0.06173563	-50.20038	-0.02722717879650018	-0.018343354	5.0351243	-16.470348	-0.007412935869000892
121	121	5	ID_1_ID_2_ID_3_ID_4_ID_7	4.765799	-0.3121209	-114.522514	-0.0495472782206421	4.9442	-0.26604605	-107.192444	-0.04575881621549682	4.781632	0.11473751	71.1008	0.037988905913799415	5.021854	-0.22406435	-79.593185	-0.039462166873720866	4.8778296	-0.18852854	-63.588284	-0.031925806501764326	-0.17520447	4.878263	-58.759125	-0.025741032379564942
122	122	5	ID_1_ID_2_ID_3_ID_4_ID_6	4.727292	-0.3506279	-118.78158	-0.051896785899591326	4.806129	-0.4041171	-148.24387	-0.06102885022965773	4.6434364	-0.023458004	-68.66181	-0.04205493895816761	4.8571396	-0.3887787	-138.14212	-0.06585936236918771	4.6796045	-0.38675356	-105.409935	-0.047433349063383236	-0.31074706	4.74272	-115.84786	-0.05365465730399752
123	123	6	ID_1_ID_2_ID_3_ID_4_ID_6_ID_7	4.758041	-0.31987906	-115.988754	-0.05052478381979644	4.8208127	-0.38943338	-155.1808	-0.06330851170747612	4.7019825	0.035088062	63.25111	0.040005885311506235	4.8662143	-0.379704	-131.20566	-0.06248056586431819	4.682821	-0.3835373	-109.61484	-0.0493792025484258	-0.28749314	4.7659745	-89.74779	-0.037137435725702064
124	124	5	ID_1_ID_2_ID_3_ID_4_ID_5	4.9834785	-0.094441414	-68.52996	-0.036835614361766564	5.056563	-0.15368319	-73.35572	-0.03671373728767079	4.810856	0.14396143	78.01732	0.04055825169406288	5.2452865	-0.00063180923	-36.500328	-0.02294065310537612	4.9018664	-0.16449165	-67.37576	-0.03340386965561594	-0.053857327	4.99961	-33.54889	-0.017867124543273306
125	125	6	ID_1_ID_2_ID_3_ID_4_ID_5_ID_7	4.7251625	-0.35275745	-133.07855	-0.05746790166880062	4.9329133	-0.27733278	-97.69641	-0.04362498734024487	4.775714	0.108819485	77.35319	0.04191334108761046	4.9762263	-0.26969194	-96.08308	-0.04729162281478271	4.773932	-0.2924261	-91.54117	-0.043231733707442446	-0.21667776	4.836789	-68.209206	-0.029940580888732037
126	126	6	ID_1_ID_2_ID_3_ID_4_ID_5_ID_6	4.6962237	-0.38169622	-131.98427	-0.05775407113189434	4.777886	-0.43236017	-143.03818	-0.0601650860105824	4.6431265	-0.023767948	-67.994644	-0.04358218419902181	4.812046	-0.43387222	-157.16223	-0.07503219971260304	4.593267	-0.47309113	-137.76794	-0.061694282649462154	-0.34895754	4.70451	-127.589455	-0.05964556474071275
127	127	7	ID_1_ID_2_ID_3_ID_4_ID_5_ID_6_ID_7	4.7404523	-0.33746767	-125.36899	-0.05494782951010591	4.7836304	-0.42661572	-152.70795	-0.06333169545363614	4.7038283	0.0369339	67.88722	0.04276637624346273	4.818837	-0.4270811	-151.87029	-0.07229157574690966	4.5932746	-0.4730835	-142.268	-0.06347802600640667	-0.32546282	4.728005	-100.8656	-0.04225655009471913
128	128	1	ID_0	5.0812674	0.0033473969	15.3792	0.009997986049619843	5.179327	-0.030919075	-18.411068	-0.011551523128998662	4.6510043	-0.015890121	-17.391026	-0.010133050937648685	5.235453	-0.010465145	-12.477562	-0.006621132692465856	5.037526	-0.028831959	-19.520613	-0.011066604423633665	-0.016551781	5.036916	-10.484213	-0.005874865026625405
129	129	2	ID_0_ID_7	4.834368	-0.24355173	-68.30273	-0.031000437224865705	5.065736	-0.14451027	-49.21776	-0.021790579229281078	4.6021147	-0.06477976	-29.342876	-0.01633333275704105	5.0027533	-0.24316502	-88.30966	-0.03956713456104872	4.922178	-0.1441803	-42.38705	-0.02144159723672161	-0.16803741	4.8854303	-55.512012	-0.026026616201791634
130	130	2	ID_0_ID_6	4.7886643	-0.28925562	-71.90066	-0.032243904591677974	4.9331603	-0.27708578	-90.18694	-0.03579758418594952	4.470073	-0.19682121	-84.659424	-0.03717369854291727	4.851236	-0.3946824	-143.8968	-0.06538366720539114	4.7357445	-0.3306136	-91.1679	-0.040391568167353016	-0.29769173	4.755776	-96.36235	-0.04219808453865779
131	131	3	ID_0_ID_6_ID_7	4.8115797	-0.26634026	-71.013565	-0.032365679298101926	4.937737	-0.2725091	-100.30034	-0.03936924894279851	4.5281496	-0.13874483	-59.085693	-0.02846925922756473	4.865895	-0.38002348	-136.72711	-0.061799776030878426	4.751984	-0.31437397	-89.766525	-0.04005130720151311	-0.27439833	4.779069	-91.37865	-0.04041105414017134
132	132	2	ID_0_ID_5	5.0476346	-0.030285358	-21.26628	-0.015312238540168856	5.1799316	-0.030314445	-38.09867	-0.019656024178214503	4.6880794	0.021184921	38.72661	0.022403117840387697	5.2271967	-0.01872158	-19.314726	-0.01106140129983093	4.938003	-0.12835503	-47.603706	-0.023235097773519946	-0.0372983	5.016169	-17.511356	-0.009372328790269308
133	133	3	ID_0_ID_5_ID_7	4.7950215	-0.28289843	-87.16452	-0.03859689203109378	5.066485	-0.14376116	-37.14456	-0.021165881380767977	4.639735	-0.027159214	-31.162195	-0.02262864913437122	4.97692	-0.26899815	-105.23889	-0.04767935038611021	4.821054	-0.24530411	-76.78204	-0.03618812837491623	-0.19362421	4.8598433	-67.49844	-0.03325178026145188
134	134	3	ID_0_ID_5_ID_6	4.76418	-0.31373978	-85.493904	-0.03777813940854176	4.9214315	-0.28881454	-72.92216	-0.03240963564079095	4.495873	-0.17102146	-61.416035	-0.031031950538387965	4.8360443	-0.40987396	-156.14458	-0.07148212262550145	4.648416	-0.41794205	-124.86828	-0.05582734470105053	-0.32027835	4.733189	-100.16899	-0.04570583858285453
135	135	4	ID_0_ID_5_ID_6_ID_7	4.794184	-0.28373575	-81.574936	-0.03638150679485894	4.8934608	-0.31678534	-91.45694	-0.038132614485358034	4.560319	-0.10657549	-40.10293	-0.02568646168379595	4.84401	-0.4019084	-152.68997	-0.06945142061075318	4.65325	-0.41310787	-128.10623	-0.05665218712099138	-0.30442256	4.749045	-98.7862	-0.0452608381391515
136	136	2	ID_0_ID_4	5.06474	-0.013179779	-21.317272	-0.015825161146734986	5.0613475	-0.1488986	-43.78824	-0.021421220462657615	4.713335	0.0464406	25.584372	0.015491278467810902	5.2996516	0.05373335	36.92694	0.0163498263018281	5.0058556	-0.06050253	-27.885069	-0.017124077024830122	-0.024481392	5.028986	-6.095854	-0.004505870772916745
137	137	3	ID_0_ID_4_ID_7	4.8122234	-0.26569653	-75.42532	-0.03468463725335351	4.937876	-0.27236986	-85.57945	-0.035775339797251934	4.6695385	0.002644062	28.77922	0.018623159830303927	5.0454807	-0.20043755	-65.15379	-0.03133389268849938	4.879388	-0.18697023	-51.694088	-0.02607637541134839	-0.18456602	4.8689013	-49.81469	-0.021849417064029857
138	138	3	ID_0_ID_4_ID_6	4.775073	-0.3028469	-79.542366	-0.03632234788920106	4.8137465	-0.39649963	-126.914	-0.05077917755006118	4.532277	-0.13461733	-71.51066	-0.033422100387502554	4.8762383	-0.36967993	-126.28433	-0.059116670605630604	4.6872973	-0.37906075	-100.958305	-0.04525082075526583	-0.3165409	4.7369266	-101.04193	-0.04497822343753225
139	139	4	ID_0_ID_4_ID_6_ID_7	4.790933	-0.28698683	-79.52656	-0.036554638647139356	4.8196836	-0.39056253	-138.81848	-0.05502596069079638	4.587026	-0.07986832	-50.39021	-0.026865262716549477	4.888298	-0.35762024	-118.86647	-0.05552739171547014	4.697363	-0.3689952	-101.85121	-0.04548040975026084	-0.29680663	4.756661	-97.89058	-0.043890732704043235
140	140	3	ID_0_ID_4_ID_5	5.036881	-0.04103899	-26.750383	-0.020213662910065044	5.0485187	-0.16172743	-36.713757	-0.021904298626733404	4.7102985	0.043404102	38.536453	0.02328473962242465	5.2652426	0.019324303	31.49572	0.015570994266986313	4.8951473	-0.17121077	-55.255295	-0.027456366713445344	-0.062249757	4.9912176	-9.7374525	-0.006143718872166566
141	141	4	ID_0_ID_4_ID_5_ID_7	4.7834687	-0.29445124	-90.74797	-0.04080329727479184	4.9235334	-0.28671265	-76.35763	-0.034488833038585714	4.659813	-0.0070815086	-35.245186	-0.02467543759807965	4.9961386	-0.2497797	-83.49983	-0.03991810041749888	4.7672753	-0.29908276	-88.58585	-0.040779558398799785	-0.22742157	4.8260455	-74.88728	-0.03613304534555118
142	142	4	ID_0_ID_4_ID_5_ID_6	4.75491	-0.32300997	-90.968414	-0.04108001275856057	4.7842045	-0.4260416	-122.83292	-0.05088252276199436	4.5225544	-0.14434004	-65.59798	-0.034167623093700215	4.8328786	-0.41303968	-146.159	-0.06820473209161255	4.593762	-0.47259617	-136.66956	-0.06065122779325167	-0.3558055	4.6976614	-112.44557	-0.05099722369982387
143	143	5	ID_0_ID_4_ID_5_ID_6_ID_7	4.783067	-0.29485273	-86.94324	-0.039462553328233986	4.7832885	-0.4269576	-139.61052	-0.056449567904985294	4.579089	-0.08780527	-46.312138	-0.028836279432330802	4.840061	-0.4058571	-140.70969	-0.0653384020255127	4.5986357	-0.46772242	-141.03648	-0.06222277491477558	-0.33663902	4.7168283	-110.92241	-0.050461915521167675
144	144	2	ID_0_ID_3	5.0943747	0.016454697	45.349247	0.025185901340565395	5.254095	0.04384899	28.88021	0.018581239624915515	4.671889	0.0049943924	37.773994	0.021616303086326758	5.230388	-0.015530109	-23.125484	-0.016454725728662058	5.13933	0.07297182	33.972313	0.017425473642317172	0.024547959	5.0780153	24.570057	0.013270838393092557
145	145	3	ID_0_ID_3_ID_7	4.852755	-0.22516489	-101.87053	-0.0436165272264556	5.1501565	-0.06008959	-38.373844	-0.022083080499713553	4.630793	-0.03610134	-45.50672	-0.024431213076918076	4.994	-0.25191832	-87.44299	-0.04169257700732832	5.0197225	-0.046635628	-31.63871	-0.0196133408345159	-0.12398195	4.9294853	-60.96656	-0.03028734772898629
146	146	3	ID_0_ID_3_ID_6	4.8068566	-0.27106333	-104.81984	-0.045012170806405065	5.009793	-0.20045328	-74.214035	-0.032350615674552545	4.492625	-0.1742692	-102.433044	-0.04595203010106884	4.840365	-0.40555334	-144.69598	-0.06767625079191623	4.832615	-0.23374319	-72.369415	-0.033408312843363375	-0.25701648	4.7964506	-99.70647	-0.044879876043461206
147	147	4	ID_0_ID_3_ID_6_ID_7	4.836061	-0.24185896	-104.71826	-0.044985086603190755	5.0153136	-0.19493246	-82.754395	-0.034990958558450226	4.5527706	-0.11412382	-75.82084	-0.03653342561773866	4.8495226	-0.39639568	-137.57324	-0.06405623655403749	4.8447256	-0.22163248	-73.807816	-0.034184537271026785	-0.23378868	4.8196783	-94.93491	-0.042950048920888786
148	148	3	ID_0_ID_3_ID_5	5.049344	-0.028575897	-55.428635	-0.03018906587928732	5.2638626	0.053616524	58.499786	0.028060039778411743	4.7032294	0.03633499	33.345135	0.0250281307902873	5.2229743	-0.022943974	-27.611015	-0.01837381241652135	5.035173	-0.03118515	-33.26215	-0.020002907736263887	0.0014492988	5.054917	-4.8913755	-0.0030955230926747027
149	149	4	ID_0_ID_3_ID_5_ID_7	4.804682	-0.27323818	-120.95295	-0.051493595604387855	5.155766	-0.054480076	-36.194633	-0.025209692337198195	4.6578827	-0.009011745	-32.183113	-0.02575765626514017	4.970353	-0.27556515	-102.16324	-0.04873346929161089	4.917072	-0.14928627	-58.83527	-0.030116292498608095	-0.15231629	4.901151	-70.06584	-0.036262141199389045
150	150	4	ID_0_ID_3_ID_5_ID_6	4.772468	-0.30545187	-118.584595	-0.050838204686067034	5.0009756	-0.20927048	-59.749073	-0.030652668454878768	4.5121636	-0.1547308	-79.70072	-0.039317177017850875	4.827682	-0.41823626	-156.26324	-0.07333573724803281	4.739442	-0.32691622	-105.7854	-0.048182965039874216	-0.28292114	4.770546	-104.0166	-0.04846535048934074
151	151	5	ID_0_ID_3_ID_5_ID_6_ID_7	4.8082123	-0.26970768	-116.22929	-0.049880867085948605	4.972829	-0.23741722	-72.34853	-0.03353018298066774	4.5748243	-0.0920701	-53.581947	-0.0318596938492861	4.829786	-0.41613245	-153.20972	-0.07142434935246704	4.7413826	-0.3249755	-109.5918	-0.0494466892532344	-0.2680606	4.785407	-100.992256	-0.04722835650432077
152	152	3	ID_0_ID_3_ID_4	5.073741	-0.004179001	-54.89664	-0.03007331196559634	5.1359406	-0.074305534	-32.99562	-0.021105246920799275	4.7187424	0.051847935	28.11837	0.022605969380295982	5.29239	0.046471596	39.01222	0.021342827228067303	5.1038437	0.0374856	36.727097	0.0216201897456289	0.011464119	5.0649314	3.1930854	0.002878085493519314
153	153	4	ID_0_ID_3_ID_4_ID_7	4.8249965	-0.2529235	-107.63776	-0.04724359875935649	5.0163918	-0.19385433	-65.31116	-0.03041883324317699	4.6772003	0.0103058815	34.418743	0.024646181301424323	5.0353246	-0.2105937	-70.62025	-0.03546046224522729	4.9784803	-0.08787775	-37.278427	-0.023889739517336445	-0.14698867	4.906479	-49.28577	-0.022473290492734575
154	154	4	ID_0_ID_3_ID_4_ID_6	4.790533	-0.2873869	-111.11298	-0.049000642708868246	4.882537	-0.3277092	-105.39548	-0.04397082647783207	4.5390234	-0.12787104	-89.093414	-0.04215060338102339	4.866432	-0.37948608	-129.51067	-0.06225015576732825	4.78491	-0.2814479	-83.587036	-0.03910682666605483	-0.28078023	4.772687	-103.739914	-0.04729581100022136
155	155	5	ID_0_ID_3_ID_4_ID_6_ID_7	4.814119	-0.2638011	-112.342316	-0.04946506632908655	4.890474	-0.31977224	-116.22223	-0.04755826025655951	4.5962944	-0.07060003	-65.7167	-0.035066606222302586	4.8748465	-0.37107182	-121.85901	-0.05858884631936323	4.7869163	-0.27944183	-86.73911	-0.040253041275222536	-0.2609374	4.79253	-100.575874	-0.04618636408050688
156	156	4	ID_0_ID_3_ID_4_ID_5	5.034978	-0.042942047	-63.950993	-0.03472400555567632	5.1254697	-0.0847764	-37.269886	-0.024957469623170896	4.71695	0.050055504	33.199944	0.026378203227881054	5.262336	0.016417503	34.59356	0.020817897307195004	5.0043445	-0.062013626	-39.75399	-0.024119287975379215	-0.024651814	5.0288153	-14.636273	-0.007320932523830074
157	157	5	ID_0_ID_3_ID_4_ID_5_ID_7	4.7889314	-0.2889886	-125.26842	-0.05433893667153246	5.001847	-0.2083993	-57.8221	-0.030136647279967375	4.667369	0.00047445297	34.973824	0.028085434463795012	4.988101	-0.25781727	-85.70802	-0.04271019283662167	4.876185	-0.19017315	-67.92669	-0.03412468435504799	-0.18898077	4.864486	-60.35028	-0.026645005335874893
158	158	5	ID_0_ID_3_ID_4_ID_5_ID_6	4.7619734	-0.31594658	-123.80481	-0.05434334125167653	4.8532567	-0.35698938	-98.62839	-0.04340537354866306	4.532417	-0.13447762	-80.46119	-0.04135367749230733	4.822524	-0.4233942	-148.57126	-0.07108053317721105	4.698205	-0.3681531	-115.7048	-0.05291989594856805	-0.31979218	4.7336755	-113.43408	-0.0526205642836852
159	159	6	ID_0_ID_3_ID_4_ID_5_ID_6_ID_7	4.797848	-0.28007174	-121.487015	-0.053375785044071714	4.8528113	-0.35743475	-113.22757	-0.047761845172556584	4.5892773	-0.07761717	-56.19023	-0.03476048770462551	4.8284035	-0.4175148	-142.9387	-0.06810791222379209	4.6983576	-0.3680005	-120.423225	-0.05443841971667216	-0.3001278	4.7533393	-110.85335	-0.05168888997234361
160	160	2	ID_0_ID_2	5.0417957	-0.03612423	-22.586924	-0.013826639012563285	5.099138	-0.1111083	-60.328117	-0.028111419114115545	4.770396	0.1035018	63.573505	0.028967234679385903	5.238226	-0.007692337	-19.715105	-0.011628897359914781	4.9767647	-0.08959341	-33.530853	-0.01723503696911687	-0.028203297	5.025264	-14.517499	-0.008366951555264917
161	161	3	ID_0_ID_2_ID_7	4.7837877	-0.29413223	-72.82853	-0.03268847541580014	4.992786	-0.21746016	-91.372505	-0.03714189860961072	4.73443	0.0675354	65.38159	0.0320785475645927	5.0091424	-0.23677588	-96.52501	-0.04238991567972269	4.8560524	-0.21030569	-55.905396	-0.027019924853630348	-0.17822771	4.8752394	-50.24997	-0.02143233339883424
162	162	3	ID_0_ID_2_ID_6	4.736783	-0.34113693	-77.00406	-0.034167893963622145	4.8563056	-0.3539405	-135.23611	-0.05272683336937563	4.6043324	-0.06256199	-64.22969	-0.03715820613264555	4.860408	-0.38551044	-151.42596	-0.06769868853846027	4.669576	-0.39678192	-99.56042	-0.04514681949445717	-0.30798635	4.7454805	-105.49125	-0.04737968829971216
163	163	4	ID_0_ID_2_ID_6_ID_7	4.7638526	-0.31406736	-73.67668	-0.03336558496913704	4.8719096	-0.33833647	-137.89157	-0.05391465912756744	4.6642394	-0.0026550293	-54.138607	-0.034001581177163585	4.8751793	-0.37073898	-143.84476	-0.06404140491443479	4.680951	-0.38540697	-99.45921	-0.045272966004747874	-0.28224096	4.7712264	-101.80216	-0.04611923923861015
164	164	3	ID_0_ID_2_ID_5	5.006302	-0.07161808	-27.34623	-0.018488058496894784	5.1059065	-0.1043396	-49.412086	-0.027358349240592585	4.805716	0.1388216	83.60104	0.038149993776852735	5.229026	-0.016892433	-25.17641	-0.014867196184672967	4.8761897	-0.19016838	-57.75621	-0.028474797454470308	-0.04883938	5.004628	-15.217978	-0.010207681519955582
165	165	4	ID_0_ID_2_ID_5_ID_7	4.741903	-0.33601713	-93.193054	-0.0407980729396194	4.997251	-0.21299505	-69.07286	-0.032070860271445435	4.7698464	0.102952	79.70174	0.03848356144564405	4.9819064	-0.26401186	-112.78581	-0.050393316932603634	4.7532396	-0.31311846	-85.905655	-0.04107113896032369	-0.2046381	4.8488297	-56.25113	-0.02516996553166962
166	166	4	ID_0_ID_2_ID_5_ID_6	4.711408	-0.36651182	-91.607216	-0.04025379610301074	4.844771	-0.36547518	-114.857285	-0.04728639890951566	4.6353045	-0.031589985	-60.59511	-0.037139271940187804	4.842645	-0.4032731	-163.9903	-0.07412176634492143	4.574209	-0.49214888	-134.63026	-0.06086907870728483	-0.3317998	4.7216673	-113.13603	-0.051934062400984096
167	167	5	ID_0_ID_2_ID_5_ID_6_ID_7	4.7453322	-0.33258772	-85.12091	-0.037971124844593	4.8269544	-0.38329172	-127.26443	-0.05147922412679865	4.6986413	0.031746864	63.162098	0.0364274947553459	4.8511996	-0.39471865	-159.75667	-0.07190673868534654	4.5790615	-0.48729658	-137.32811	-0.061819604968675786	-0.31322956	4.7402377	-89.26161	-0.03734983957401362
168	168	3	ID_0_ID_2_ID_4	5.024509	-0.053411007	-28.270334	-0.018734753079433134	4.973207	-0.23703909	-86.40088	-0.03820756905885763	4.821982	0.15508747	80.23421	0.036634042358010876	5.3015327	0.05561447	39.47737	0.018398702127533816	4.937744	-0.12861395	-41.772808	-0.02226171563779853	-0.04167242	5.011795	-7.346488	-0.004834258658108921
169	169	4	ID_0_ID_2_ID_4_ID_7	4.7602882	-0.31763172	-80.40585	-0.03654109800699429	4.8570843	-0.3531618	-124.38206	-0.05040668852509504	4.7890844	0.12219	84.31581	0.03933766722072361	5.0529904	-0.19292784	-75.337616	-0.03410798453678574	4.8135114	-0.25284672	-64.27917	-0.031096348917477517	-0.19887562	4.854592	-52.017773	-0.022562890553125794
170	170	4	ID_0_ID_2_ID_4_ID_6	4.72258	-0.35534	-84.982605	-0.03848442357986023	4.7300973	-0.4801488	-168.9221	-0.06696751713051806	4.6577744	-0.0091199875	-67.15503	-0.04011893446887766	4.8865886	-0.3593297	-135.39893	-0.06139014200247277	4.618305	-0.44805288	-111.020996	-0.050083755308324436	-0.33039826	4.723069	-113.49593	-0.051408954498010626
171	171	5	ID_0_ID_2_ID_4_ID_6_ID_7	4.7424536	-0.33546638	-82.833786	-0.037847841456859065	4.746448	-0.46379805	-174.022	-0.06881168115463861	4.713919	0.047024727	66.63881	0.03865756916579978	4.9010444	-0.3448739	-127.418106	-0.05765544300238236	4.625511	-0.44084692	-113.96652	-0.051173888414390446	-0.3075921	4.7458754	-86.32032	-0.03536625697249414
172	172	4	ID_0_ID_2_ID_4_ID_5	4.9946685	-0.08325148	-32.989494	-0.023024223397714535	4.9712467	-0.23899937	-74.436295	-0.03585264122969981	4.821067	0.15417242	91.72721	0.0420786167757723	5.2683063	0.022387981	34.417793	0.017854488323978866	4.827908	-0.23845005	-66.13965	-0.032836552444225287	-0.0768281	4.9766393	-9.484087	-0.006356062394377693
173	173	5	ID_0_ID_2_ID_4_ID_5_ID_7	4.730151	-0.34776878	-97.33609	-0.04331407715387889	4.85153	-0.358716	-112.32837	-0.047649438363412414	4.782423	0.11552858	89.47016	0.04322975713161911	5.0040474	-0.24187088	-92.40927	-0.042562665560725244	4.700237	-0.3661213	-97.3505	-0.045527601134964936	-0.23978968	4.813678	-61.990814	-0.027164805016272477
174	174	5	ID_0_ID_2_ID_4_ID_5_ID_6	4.701525	-0.37639475	-97.193115	-0.043624837901366245	4.7076426	-0.50260353	-161.75253	-0.06556126189994736	4.654934	-0.011960506	-69.8657	-0.0425162657822979	4.843942	-0.4019761	-154.73413	-0.07060077962961583	4.52431	-0.542048	-145.53812	-0.06543839097851055	-0.3669966	4.686471	-125.81673	-0.05754830723834757
175	175	6	ID_0_ID_2_ID_4_ID_5_ID_6_ID_7	4.7338758	-0.3440442	-90.73459	-0.04117617519513379	4.714692	-0.49555397	-171.54373	-0.06906920828754824	4.7115726	0.04467821	72.06177	0.041604615488991824	4.8533573	-0.39256096	-148.7197	-0.067707454541201	4.526088	-0.54026985	-150.23288	-0.06707188492222005	-0.34555015	4.707917	-97.833824	-0.04068402149142225
176	176	3	ID_0_ID_2_ID_3	5.0480037	-0.029916286	-48.572174	-0.027903899044656785	5.1743236	-0.035922527	-52.32554	-0.028353022725671216	4.796654	0.12975979	52.345863	0.02917880266321278	5.2374234	-0.008494854	-28.0993	-0.019268695576064594	5.066808	0.00045013428	34.08406	0.02070153506939614	0.011175251	5.064643	-8.513418	-0.005129055922756734
177	177	4	ID_0_ID_2_ID_3_ID_7	4.793768	-0.28415203	-107.52318	-0.046084587047150107	5.073174	-0.13707209	-76.02667	-0.034692386302370655	4.766027	0.09913254	55.878098	0.03225500123571264	5.0064244	-0.23949385	-94.98149	-0.04370771124731265	4.9411335	-0.12522459	-45.434166	-0.024829547731785008	-0.137362	4.9161053	-53.61748	-0.023411846218581157
178	178	4	ID_0_ID_2_ID_3_ID_6	4.7454314	-0.33248854	-110.84469	-0.04778502178025096	4.9288273	-0.2814188	-117.29783	-0.04801981404257774	4.6288977	-0.03799677	-71.35732	-0.04047351732673603	4.8578925	-0.38802576	-149.98154	-0.06861311957310133	4.7535367	-0.3128214	-83.00113	-0.039134692001292555	-0.27055025	4.782917	-106.496506	-0.04880523294479172
179	179	5	ID_0_ID_2_ID_3_ID_6_ID_7	4.780743	-0.29717684	-107.49638	-0.046427939320285605	4.944737	-0.26550913	-121.91134	-0.04940784588636492	4.6922126	0.025318146	54.107254	0.035848439300654115	4.869012	-0.3769064	-141.82693	-0.06460916530662743	4.7624655	-0.3038926	-84.320076	-0.03980481720979051	-0.24363336	4.8098345	-80.28949	-0.032880265684482865
180	180	4	ID_0_ID_2_ID_3_ID_5	5.000201	-0.077718735	-58.92703	-0.032749677019947236	5.193551	-0.016695023	-48.833115	-0.03141052768527034	4.8256445	0.15875006	67.62522	0.035909153809255016	5.2308455	-0.015072823	-32.639816	-0.021182845953260504	4.9617047	-0.10465336	-46.687782	-0.025619656787862887	-0.011077976	5.0423894	-23.892506	-0.015010710727417189
181	181	5	ID_0_ID_2_ID_3_ID_5_ID_7	4.7433662	-0.33455372	-127.45331	-0.05448150153988746	5.0873976	-0.12284851	-58.173668	-0.03259273414752321	4.791458	0.124563694	67.21292	0.03718530265743538	4.9833155	-0.2626028	-108.64249	-0.05052271237066078	4.8375335	-0.22882462	-69.42287	-0.035469052714156776	-0.16485319	4.888614	-59.295887	-0.027176139622958572
182	182	5	ID_0_ID_2_ID_3_ID_5_ID_6	4.7084637	-0.3694563	-126.19154	-0.05446883319830874	4.9276633	-0.28258276	-97.6617	-0.043482960241401844	4.654642	-0.012252331	-58.920795	-0.03870239570640523	4.844103	-0.4018154	-161.59433	-0.07447014445008998	4.6563067	-0.41005135	-114.22771	-0.0531658013295594	-0.29523164	4.758236	-111.719215	-0.05285802698515304
183	183	6	ID_0_ID_2_ID_3_ID_5_ID_6_ID_7	4.7510467	-0.3268733	-120.102264	-0.05199861739657751	4.9090776	-0.30116844	-108.18486	-0.04620681308163053	4.7176337	0.05073929	55.654037	0.03669046189904097	4.8486667	-0.3972516	-157.70789	-0.07228578466736456	4.6615186	-0.40483952	-117.72551	-0.054417719598300676	-0.27587873	4.777589	-89.6133	-0.037643694568966456
184	184	4	ID_0_ID_2_ID_3_ID_4	5.0246825	-0.05323744	-59.216316	-0.033145089479150264	5.0565763	-0.15366983	-71.527954	-0.034374546730781094	4.8326693	0.16577482	66.19858	0.03553257303408422	5.303686	0.057767868	44.386612	0.023889445915715717	5.028681	-0.037677288	-37.49854	-0.02431144606314975	-0.004208374	5.0492587	-11.531523	-0.006481812664656234
185	185	5	ID_0_ID_2_ID_3_ID_4_ID_7	4.765497	-0.31242275	-114.78609	-0.05039494093073554	4.941295	-0.26895094	-101.783875	-0.04389678607026534	4.801077	0.13418245	69.68082	0.03779793319821458	5.053245	-0.1926732	-77.823586	-0.03699290827992556	4.90276	-0.16359806	-50.782993	-0.028691620069606842	-0.1606925	4.892775	-55.099144	-0.024435664430463744
186	186	5	ID_0_ID_2_ID_3_ID_4_ID_6	4.728113	-0.3498068	-119.2457	-0.05277433912042098	4.8031707	-0.4070754	-144.70395	-0.05917143166116335	4.666479	-0.00041532516	-68.42765	-0.042682861639883315	4.889242	-0.3566761	-135.63675	-0.06275759452526486	4.70499	-0.36136818	-94.6612	-0.044377076182688616	-0.29506835	4.758399	-112.53505	-0.052352660625884215
187	187	6	ID_0_ID_2_ID_3_ID_4_ID_6_ID_7	4.7581124	-0.31980753	-116.81375	-0.051591403222446076	4.819597	-0.39064932	-150.47008	-0.061022539742170576	4.7253475	0.058453083	62.54301	0.04032580117421868	4.899461	-0.34645748	-127.74631	-0.05910125530009283	4.7074103	-0.35894775	-98.19588	-0.045663312541980514	-0.2714818	4.7819858	-86.1366	-0.03541054192649427
188	188	5	ID_0_ID_2_ID_3_ID_4_ID_5	4.9849834	-0.092936516	-68.89143	-0.037958322592369816	5.0559025	-0.1543436	-63.029663	-0.034573796468493394	4.8302135	0.16331911	74.54851	0.03962945178179566	5.2730446	0.027126312	39.542904	0.023326751197124802	4.930252	-0.13610601	-51.74543	-0.028738105337318277	-0.038588144	5.014879	-13.915024	-0.007662804283852205
189	189	6	ID_0_ID_2_ID_3_ID_4_ID_5_ID_7	4.7268443	-0.35107565	-133.44107	-0.058202110192073456	4.935153	-0.27509308	-91.44917	-0.04212953594446343	4.7943287	0.12743425	75.884155	0.04165433661494352	5.00634	-0.23957825	-92.089066	-0.044046838362009726	4.803421	-0.26293707	-77.906845	-0.038803280594828606	-0.20024996	4.853217	-63.800404	-0.02830548569568634
190	190	6	ID_0_ID_2_ID_3_ID_4_ID_5_ID_6	4.6986322	-0.37928772	-132.68796	-0.058552429411433786	4.7800145	-0.43023157	-138.51578	-0.05820414235038786	4.666176	-0.0007185936	-67.58658	-0.04404977991086219	4.843988	-0.40193033	-153.57849	-0.07162221701713573	4.623986	-0.44237232	-124.29609	-0.05749866855287457	-0.33090812	4.7225595	-123.332985	-0.05798544744853882
191	191	7	ID_0_ID_2_ID_3_ID_4_ID_5_ID_6_ID_7	4.7415104	-0.33640957	-126.57195	-0.05597706680709569	4.788155	-0.422091	-146.6582	-0.06068419834642429	4.724606	0.0577116	67.05127	0.04282133869137905	4.851318	-0.3946004	-147.6419	-0.06866149895561764	4.623368	-0.4429903	-129.41776	-0.059121977487895966	-0.30767593	4.7457914	-96.64771	-0.04032468058113091
192	192	2	ID_0_ID_1	5.0861993	0.008279324	21.309872	0.013892249677184493	5.1569934	-0.053252697	-35.1838	-0.01692752730569833	4.6147175	-0.052176952	-30.809994	-0.01645136658327868	5.196226	-0.049692154	-27.100657	-0.01242358292678168	4.979857	-0.08650112	-49.502636	-0.02282909650191033	-0.04666872	5.0067987	-24.257442	-0.010947864728096907
193	193	3	ID_0_ID_1_ID_7	4.8391867	-0.23873329	-70.594345	-0.0328691069477953	5.0412774	-0.16896868	-59.77638	-0.02597002416800319	4.5658092	-0.101085186	-39.083435	-0.020928707215895896	4.962161	-0.2837572	-95.50554	-0.04431674600725662	4.8607697	-0.20558834	-69.416016	-0.031560642794459706	-0.19962654	4.853841	-66.875145	-0.031129045426682145
194	194	3	ID_0_ID_1_ID_6	4.7926345	-0.28528547	-74.22493	-0.03411475212174318	4.9056497	-0.30459642	-101.30345	-0.040377506499760255	4.429312	-0.2375822	-90.8161	-0.04024190809041422	4.80827	-0.4376483	-150.65596	-0.07014735683220957	4.6720366	-0.39432144	-115.219025	-0.04886239279865529	-0.33188677	4.7215805	-106.44389	-0.046748783268556506
195	195	4	ID_0_ID_1_ID_6_ID_7	4.8170657	-0.26085424	-72.60579	-0.0339383117317893	4.9112635	-0.29898262	-110.26491	-0.04367618805634704	4.4874506	-0.17944384	-66.100685	-0.03172642046044855	4.822337	-0.42358112	-143.61575	-0.06666534381847927	4.689112	-0.3772459	-113.03654	-0.04864775722941433	-0.30802155	4.7454457	-101.12473	-0.0449308042592957
196	196	3	ID_0_ID_1_ID_5	5.0518208	-0.026099205	-26.351168	-0.01822853796873866	5.1569324	-0.053313732	-43.316833	-0.02230901756278141	4.6513877	-0.015506744	-43.579758	-0.02608683116778146	5.1888003	-0.05711794	-33.40361	-0.015995221690626015	4.87635	-0.19000816	-76.96527	-0.03437752010037637	-0.06840916	4.985059	-44.723328	-0.023399425698060784
197	197	4	ID_0_ID_1_ID_5_ID_7	4.7987304	-0.2791896	-88.40563	-0.03999563513723018	5.04014	-0.17010593	-48.50524	-0.024184942394731516	4.602985	-0.06390953	-40.674057	-0.026170575942352746	4.936239	-0.3096795	-112.685684	-0.052507295718925616	4.754489	-0.31186914	-102.70418	-0.04577651977513631	-0.22695073	4.8265166	-78.594955	-0.03772699379367527
198	198	4	ID_0_ID_1_ID_5_ID_6	4.7672606	-0.3106594	-87.10705	-0.039356161991762784	4.892286	-0.31796026	-84.62468	-0.036562965672331464	4.455299	-0.21159554	-69.60076	-0.034441466580961436	4.792121	-0.45379734	-163.96758	-0.07647023699608166	4.5804453	-0.4859128	-149.98416	-0.06458823175209573	-0.35598508	4.697482	-111.05684	-0.050283812598646616
199	199	5	ID_0_ID_1_ID_5_ID_6_ID_7	4.7988343	-0.27908564	-82.60718	-0.0377102812264797	4.8641005	-0.34614563	-103.036064	-0.04261703845644028	4.519995	-0.14689922	-50.272346	-0.029145619227138413	4.7998705	-0.44604778	-160.34639	-0.07449589607556988	4.5848017	-0.48155642	-152.39836	-0.0656255416904527	-0.33994693	4.71352	-109.73207	-0.049918875335216197
200	200	3	ID_0_ID_1_ID_4	5.0693374	-0.008582592	-26.420383	-0.018375363863645768	5.0384283	-0.17181778	-58.108463	-0.0265486091869102	4.6760306	0.0091362	29.1186	0.01835485343090503	5.261841	0.015922546	35.72719	0.01631034653204507	4.951126	-0.11523199	-57.306023	-0.027211987262424082	-0.05411472	4.9993525	-15.397817	-0.007494152070005989
201	201	4	ID_0_ID_1_ID_4_ID_7	4.8172894	-0.2606306	-77.39611	-0.03622694737423472	4.911806	-0.29843998	-96.90818	-0.04024450292704213	4.631985	-0.03490925	-35.75819	-0.02108285962771477	5.005349	-0.24056911	-72.871185	-0.03566189891503005	4.8208246	-0.24553347	-77.73031	-0.03534871637890031	-0.21601649	4.8374505	-72.1328	-0.0337129850445844
202	202	4	ID_0_ID_1_ID_4_ID_6	4.7791667	-0.29875326	-81.380066	-0.03778952711043313	4.785211	-0.425035	-139.63174	-0.055998333905120296	4.4904017	-0.17649269	-74.938515	-0.03518347216060276	4.832669	-0.4132495	-133.9603	-0.06382622878247413	4.624755	-0.44160318	-124.47514	-0.053276083316768676	-0.3510267	4.7024407	-110.87715	-0.049214729055079794
203	203	5	ID_0_ID_1_ID_4_ID_6_ID_7	4.796587	-0.28133297	-80.62729	-0.037753457354360004	4.792263	-0.41798306	-150.59003	-0.05992624773560462	4.5452657	-0.12162876	-56.10212	-0.02885610493528907	4.844009	-0.40190935	-126.83773	-0.06029851798324787	4.636442	-0.4299159	-125.21635	-0.054096442369356616	-0.330554	4.7229133	-107.87471	-0.048186154075571634
204	204	4	ID_0_ID_1_ID_4_ID_5	5.040724	-0.03719616	-30.903986	-0.022291069800788103	5.025657	-0.18458891	-53.33976	-0.02677897048394053	4.674505	0.007610798	43.347664	0.025905479652149743	5.2279124	-0.018005848	-33.84776	-0.016883906981884765	4.8367577	-0.22960043	-84.851776	-0.03879212746703306	-0.09235611	4.9611115	-31.919123	-0.01576811901629934
205	205	5	ID_0_ID_1_ID_4_ID_5_ID_7	4.78684	-0.29108	-91.58943	-0.041954802904904054	4.896672	-0.3135743	-89.02074	-0.03894222638042113	4.623159	-0.043735504	-43.194405	-0.026955567556774557	4.9559793	-0.28993893	-92.59181	-0.044684842070650134	4.703687	-0.3626709	-115.33017	-0.05085092130037863	-0.26019993	4.7932673	-86.34531	-0.0406776720426257
206	206	5	ID_0_ID_1_ID_4_ID_5_ID_6	4.7579856	-0.31993437	-92.09694	-0.04228189248754957	4.754638	-0.4556079	-136.1228	-0.05578670042320986	4.482187	-0.18470764	-70.227684	-0.03607502388584922	4.7891135	-0.45680475	-154.66888	-0.07307121666861024	4.5289164	-0.53744173	-162.50113	-0.06970124987342048	-0.39089927	4.662568	-123.12349	-0.05538321666772787
207	207	6	ID_0_ID_1_ID_4_ID_5_ID_6_ID_7	4.787671	-0.29024887	-87.45444	-0.040473793453781826	4.7535768	-0.45666933	-151.72992	-0.06133412951335116	4.540187	-0.12670755	-54.144455	-0.030960036005592672	4.7965446	-0.44937372	-148.87851	-0.07012942441137887	4.5350084	-0.53134966	-165.96072	-0.0713780089934521	-0.37086982	4.682597	-121.633606	-0.05485507847551132
208	208	3	ID_0_ID_1_ID_3	5.099335	0.021415234	46.27471	0.02688092412499416	5.2335253	0.02327919	36.234417	0.02158181893775041	4.637787	-0.02910757	-45.3442	-0.024990491437167497	5.19172	-0.054198265	-36.295864	-0.01986889456031591	5.083365	0.017006874	44.292053	0.023150052245072883	-0.0043209074	5.0491467	9.032223	0.005350681862066811
209	209	4	ID_0_ID_1_ID_3_ID_7	4.8566585	-0.2212615	-103.29385	-0.04492852690416062	5.126429	-0.083817005	-47.52729	-0.025145942719190538	4.5964665	-0.070427895	-51.89994	-0.027424234060555913	4.9542336	-0.29168463	-95.56438	-0.04649006223748887	4.958816	-0.10754204	-55.00197	-0.026848219846873224	-0.15494661	4.8985205	-70.657486	-0.03416739715365383
210	210	4	ID_0_ID_1_ID_3_ID_6	4.8111277	-0.2667923	-105.69328	-0.04611990386686098	4.983612	-0.22663403	-83.26168	-0.036106770383952	4.4541993	-0.21269512	-106.598816	-0.048059602443444115	4.7983613	-0.44755697	-152.90979	-0.07265606964765745	4.77149	-0.294868	-92.524376	-0.04048879640107044	-0.28970927	4.763758	-108.197586	-0.048686228548597
211	211	5	ID_0_ID_1_ID_3_ID_6_ID_7	4.8417354	-0.2361846	-104.90123	-0.045840818173746994	4.989501	-0.22074509	-91.54598	-0.03878484935007071	4.5142303	-0.15266418	-81.021835	-0.03895741872385361	4.8066487	-0.43926954	-145.55978	-0.06908906048319781	4.783574	-0.282784	-93.14507	-0.04134847764959355	-0.26632947	4.7871375	-103.23478	-0.046804124876092534
212	212	4	ID_0_ID_1_ID_3_ID_5	5.0532804	-0.024639606	-56.196594	-0.03172311603923168	5.24057	0.030323982	58.37767	0.02931326169450778	4.668633	0.0017385483	42.473244	0.02821253954918844	5.186101	-0.059817314	-41.049793	-0.0220600931594616	4.975962	-0.09039593	-60.023438	-0.028612373780321707	-0.028558064	5.024909	-11.283782	-0.0049739563470637535
213	213	5	ID_0_ID_1_ID_3_ID_5_ID_7	4.8074207	-0.27049923	-122.40378	-0.052674652649044695	5.130116	-0.0801301	-43.351784	-0.026660713689516696	4.62285	-0.044044495	-42.291527	-0.02873067906975023	4.9308114	-0.31510687	-110.86399	-0.05378816860816434	4.851883	-0.21447515	-80.8987	-0.03803775870046854	-0.18485117	4.868616	-79.96195	-0.039978394543388904
214	214	5	ID_0_ID_1_ID_3_ID_5_ID_6	4.77554	-0.30238008	-119.734985	-0.05189873072509644	4.9739027	-0.23634338	-69.07269	-0.03371718360415247	4.4728165	-0.19407797	-85.48421	-0.0420080642848728	4.785371	-0.46054745	-165.36502	-0.07856929922953514	4.6767187	-0.38963938	-125.21293	-0.05524854166762286	-0.31659764	4.73687	-112.97396	-0.05228836390225593
215	215	6	ID_0_ID_1_ID_3_ID_5_ID_6_ID_7	4.8128023	-0.26511765	-116.726715	-0.050688943966407427	4.9444194	-0.2658267	-82.131424	-0.03719171999981396	4.536821	-0.13007355	-61.063927	-0.034651423253602986	4.7868114	-0.45910692	-162.12498	-0.07671153721728904	4.6776958	-0.38866234	-129.0093	-0.056775389041590255	-0.30175743	4.75171	-110.211266	-0.05120380269574073
216	216	4	ID_0_ID_1_ID_3_ID_4	5.079128	0.0012078285	54.63799	0.03119298830600448	5.115061	-0.09518528	-47.990173	-0.02531020100331712	4.6819754	0.015080929	37.22631	0.02507060834799833	5.255247	0.009328842	38.08115	0.0215512556840077	5.052984	-0.013373852	-49.551735	-0.027217924603167708	-0.016588306	5.0368795	6.480708	0.005057345346305137
217	217	5	ID_0_ID_1_ID_3_ID_4_ID_7	4.8300195	-0.24790049	-108.37759	-0.04822060540490016	4.9920096	-0.21823645	-75.72571	-0.03444690809904085	4.6410546	-0.025839806	-42.33151	-0.026935077927867753	4.9952884	-0.2506299	-77.6885	-0.039664757709898614	4.9205437	-0.14581442	-60.26329	-0.030350099679315408	-0.17768422	4.875783	-72.87732	-0.03592348976420456
218	218	5	ID_0_ID_1_ID_3_ID_4_ID_6	4.795056	-0.2828641	-111.56122	-0.04979213388092777	4.8560185	-0.35422754	-116.32272	-0.04862302620407128	4.4993534	-0.16754103	-93.016846	-0.0440209479588492	4.823095	-0.42282343	-137.93126	-0.06715010805698272	4.7251062	-0.34125185	-102.87106	-0.0455193181698679	-0.3137416	4.7397256	-112.34062	-0.05102110685413978
219	219	6	ID_0_ID_1_ID_3_ID_4_ID_6_ID_7	4.8201904	-0.25772953	-112.22118	-0.05002662119504089	4.8646765	-0.3455696	-126.05972	-0.05203885573423526	4.5553927	-0.111501694	-70.911026	-0.037090378215568855	4.83118	-0.41473818	-130.22568	-0.06346866485175841	4.7277136	-0.3386445	-105.6489	-0.04700335175783079	-0.2936367	4.7598305	-109.013306	-0.04992557435088684
220	220	5	ID_0_ID_1_ID_3_ID_4_ID_5	5.0392094	-0.038710594	-63.49282	-0.03573854667589192	5.103032	-0.107213974	-50.958572	-0.028418649750510273	4.6813717	0.014477253	40.912086	0.028698496653303276	5.226283	-0.0196352	-38.004383	-0.022073441733001894	4.9466376	-0.11972046	-67.620705	-0.03274190552066011	-0.054160595	4.9993067	-35.83288	-0.018054809405352184
221	221	6	ID_0_ID_1_ID_3_ID_4_ID_5_ID_7	4.7918725	-0.28604746	-126.13904	-0.055265518234479824	4.9764485	-0.23379755	-69.23834	-0.03388941668892962	4.6310906	-0.035803795	-44.6183	-0.03020355981451138	4.948184	-0.29773426	-95.16609	-0.04759805538274683	4.8127127	-0.25364542	-90.57341	-0.04199635130177293	-0.2214057	4.832062	-85.14703	-0.041790580284488114
222	222	6	ID_0_ID_1_ID_3_ID_4_ID_5_ID_6	4.765272	-0.31264782	-124.37771	-0.05510140571223076	4.8264794	-0.38376665	-110.91064	-0.04792766455630437	4.492053	-0.1748414	-84.94745	-0.0432495592005612	4.779028	-0.46689034	-158.26303	-0.07629111017681439	4.6355643	-0.43079376	-136.9444	-0.06029800828954587	-0.353788	4.6996794	-123.088646	-0.05657354958709132
223	223	7	ID_0_ID_1_ID_3_ID_4_ID_5_ID_6_ID_7	4.8024163	-0.27550364	-121.43062	-0.053865314918595336	4.825347	-0.38489914	-123.598816	-0.05213090641219267	4.550376	-0.1165185	-62.69314	-0.03673354051352816	4.7849517	-0.4609666	-152.33803	-0.07325445708183335	4.635291	-0.431067	-140.75298	-0.06189626925415625	-0.33379096	4.719676	-120.16272	-0.05557609763606116
224	224	3	ID_0_ID_1_ID_2	5.045273	-0.032647133	-27.543743	-0.01716675990354569	5.073408	-0.13683796	-75.77202	-0.03419307718952044	4.734675	0.067780495	63.65184	0.029038473844783686	5.201677	-0.04424143	-28.690958	-0.015162680265908998	4.92727	-0.13908815	-60.15199	-0.027565381480128305	-0.057006836	4.996461	-25.701374	-0.01300988499886395
225	225	4	ID_0_ID_1_ID_2_ID_7	4.7875834	-0.2903366	-74.74285	-0.034304075739728365	4.9649863	-0.24525976	-101.48254	-0.04221171836300214	4.6993084	0.03241396	64.07602	0.032082270775215166	4.9713507	-0.2745676	-101.58758	-0.04625417444843853	4.8012733	-0.26508474	-79.810936	-0.0364272966146384	-0.20856695	4.8449006	-58.709576	-0.02542299887811845
226	226	4	ID_0_ID_1_ID_2_ID_6	4.739689	-0.3382311	-78.92259	-0.03579990607012415	4.82593	-0.38431597	-145.5305	-0.057817849188850884	4.564022	-0.10287237	-68.180595	-0.03713956658777434	4.8194537	-0.42646456	-156.85568	-0.07188921922512706	4.6126328	-0.45372534	-121.61395	-0.053275287922459766	-0.34112185	4.7123456	-114.220665	-0.05118436579886724
227	227	5	ID_0_ID_1_ID_2_ID_6_ID_7	4.7676897	-0.31023026	-75.20464	-0.03480849863843538	4.8415465	-0.36869955	-147.67346	-0.05877261280184522	4.624334	-0.042560577	-55.28347	-0.033898752148203815	4.8338833	-0.412035	-149.2975	-0.0682167950484189	4.6259537	-0.44040442	-121.4118	-0.05371351669361125	-0.31478596	4.7386813	-109.774185	-0.049882035066102906
228	228	4	ID_0_ID_1_ID_2_ID_5	5.0090756	-0.06884432	-32.16363	-0.02108550164318871	5.080084	-0.13016224	-66.19971	-0.03254765162500544	4.769765	0.102870464	85.309875	0.03880862947797355	5.1936827	-0.052235603	-34.63823	-0.01841164968994568	4.8214946	-0.24486351	-85.59561	-0.03889119015731697	-0.07864704	4.97482	-26.657461	-0.014425472727496651
229	229	5	ID_0_ID_1_ID_2_ID_5_ID_7	4.7441797	-0.33374023	-94.52422	-0.04216861810047299	4.9688888	-0.24135733	-82.41168	-0.03712237281044851	4.73291	0.06601572	78.63937	0.03851380022767423	4.944318	-0.30160046	-118.63736	-0.054528366746344176	4.693923	-0.3724351	-109.50668	-0.05047216711640594	-0.23662348	4.816844	-65.28812	-0.029155544909199478
230	230	5	ID_0_ID_1_ID_2_ID_5_ID_6	4.713167	-0.36475277	-93.006386	-0.04165365188459865	4.8129206	-0.39732552	-127.2177	-0.05259484800256763	4.593043	-0.073851585	-62.7303	-0.037019262576720724	4.801742	-0.4441762	-169.99922	-0.07845998116062046	4.5146713	-0.55168676	-157.71913	-0.06956473064145012	-0.36635858	4.687109	-122.134544	-0.05585849485319152
231	231	6	ID_0_ID_1_ID_2_ID_5_ID_6_ID_7	4.7485914	-0.32932854	-85.852066	-0.03912163668830432	4.79493	-0.4153161	-140.01031	-0.057112838246113476	4.6595345	-0.0073599815	-62.174957	-0.03639677007187917	4.809996	-0.43592215	-166.28131	-0.07640827615075793	4.519078	-0.5472803	-160.46167	-0.07078440246551185	-0.34704143	4.7064257	-122.95607	-0.05596478472451335
232	232	4	ID_0_ID_1_ID_2_ID_4	5.0273046	-0.05061531	-32.94885	-0.02118559226912788	4.946213	-0.26403332	-101.679794	-0.04439548283306886	4.785448	0.11855364	80.25981	0.03603868854857112	5.2654185	0.019500256	38.436073	0.018334952619832638	4.892634	-0.17372417	-68.69586	-0.032046726604956915	-0.070063785	4.983403	-16.925724	-0.00865083210774998
233	233	5	ID_0_ID_1_ID_2_ID_4_ID_7	4.7635856	-0.3143344	-81.86761	-0.037874748895618496	4.8269415	-0.3833046	-136.40523	-0.055955525323066836	4.75243	0.08553553	83.31796	0.038638423651043655	5.015429	-0.23048925	-79.68066	-0.037654205623903765	4.7618165	-0.3045416	-87.81624	-0.0402662241439297	-0.22942686	4.8240404	-60.490356	-0.02662245606709503
234	234	5	ID_0_ID_1_ID_2_ID_4_ID_6	4.724574	-0.35334587	-86.55616	-0.03980136011851901	4.698588	-0.5116582	-182.21054	-0.07293132296926398	4.615112	-0.051782608	-67.23656	-0.03885006359652367	4.847	-0.39891815	-140.14337	-0.06531207345750233	4.564296	-0.5020623	-132.45166	-0.05815400973104184	-0.36355343	4.6899137	-121.71965	-0.05500976597457017
235	235	6	ID_0_ID_1_ID_2_ID_4_ID_6_ID_7	4.7455363	-0.33238363	-84.14861	-0.039121071296034114	4.71591	-0.49433613	-185.4024	-0.07412678893955635	4.6739655	0.007071018	65.20941	0.03755193258481007	4.860282	-0.38563633	-132.3803	-0.06163139559422305	4.572781	-0.493577	-135.4807	-0.05979403711786135	-0.3397724	4.7136946	-94.44053	-0.039424272072572965
236	236	5	ID_0_ID_1_ID_2_ID_4_ID_5	4.9971657	-0.08075428	-37.459023	-0.025083126415368084	4.9449234	-0.2653227	-91.88245	-0.04210142963025321	4.7859864	0.11909199	93.04352	0.042135542867217685	5.2332935	-0.012624741	-35.977383	-0.01891678026974793	4.776521	-0.28983688	-94.318344	-0.043557212311646824	-0.10588932	4.947578	-33.318733	-0.01750460115195967
237	237	6	ID_0_ID_1_ID_2_ID_4_ID_5_ID_7	4.7319937	-0.34592628	-98.31831	-0.044473122211908515	4.820981	-0.38926506	-126.56857	-0.053471639056830826	4.74584	0.07894564	87.86378	0.04253908476115223	4.9672723	-0.278646	-98.13428	-0.04650650118910065	4.6429667	-0.42339134	-121.75042	-0.05543435534769294	-0.2716566	4.7818108	-71.38156	-0.03146930660887614
238	238	6	ID_0_ID_1_ID_2_ID_4_ID_5_ID_6	4.702817	-0.375103	-98.41396	-0.04485495911544305	4.675307	-0.5349393	-175.46773	-0.07136801697781932	4.613218	-0.053676605	-69.6835	-0.04142639551781923	4.8042884	-0.4416299	-160.1297	-0.07466694435756017	4.4647236	-0.6016345	-169.72783	-0.07453426317505903	-0.40139666	4.652071	-134.68454	-0.061370115828740156
239	239	7	ID_0_ID_1_ID_2_ID_4_ID_5_ID_6_ID_7	4.7365274	-0.34139252	-91.36278	-0.042254818744157256	4.6816564	-0.5285897	-184.84769	-0.07482998522288065	4.6726184	0.0057239532	71.48805	0.04080494632525654	4.813152	-0.43276644	-154.04126	-0.07164290547251277	4.4685607	-0.5977974	-173.41464	-0.07624734294475251	-0.37896442	4.6745033	-106.43567	-0.04483402121180933
240	240	4	ID_0_ID_1_ID_2_ID_3	5.053674	-0.024245739	-49.356583	-0.029329428865077747	5.1511536	-0.05909252	-66.66658	-0.03314209686897442	4.7622375	0.09534311	49.474934	0.028794794495448386	5.2008934	-0.04502487	-36.625248	-0.0217247381034178	5.0174975	-0.04886055	-55.162647	-0.02699863679052749	-0.016376114	5.0370913	-31.667225	-0.016480021226509812
241	241	5	ID_0_ID_1_ID_2_ID_3_ID_7	4.798621	-0.27929878	-108.07769	-0.047224559362823534	5.047687	-0.16255903	-86.323944	-0.0390133906653896	4.73133	0.06443548	53.064796	0.03185388345942813	4.969201	-0.2767172	-100.39818	-0.04755690413025288	4.88718	-0.17917824	-67.513885	-0.031967855004445	-0.16666356	4.8868036	-61.84978	-0.02678176514069658
242	242	5	ID_0_ID_1_ID_2_ID_3_ID_6	4.7507377	-0.3271823	-110.84419	-0.04865306227761018	4.90041	-0.3098359	-126.973526	-0.05265441324641475	4.5887384	-0.078155994	-73.14111	-0.04007798140948118	4.818054	-0.42786407	-155.78452	-0.0728531902479106	4.698214	-0.36814404	-101.220055	-0.045623687437851716	-0.30223647	4.751231	-113.592674	-0.05197246692385369
243	243	6	ID_0_ID_1_ID_2_ID_3_ID_6_ID_7	4.7865467	-0.29137325	-107.49629	-0.047314896891494033	4.9157486	-0.2944975	-130.96959	-0.05392245778084182	4.6524696	-0.014424801	-54.58213	-0.035416566507347445	4.828286	-0.4176321	-148.12228	-0.06902183657151281	4.7089434	-0.35741472	-102.163536	-0.04657122408661512	-0.27506846	4.778399	-108.66676	-0.05044939636756225
244	244	5	ID_0_ID_1_ID_2_ID_3_ID_5	5.004761	-0.07315874	-59.336433	-0.03414404577515208	5.1685658	-0.041680336	-62.33942	-0.03462541009603289	4.792703	0.12580872	68.79183	0.03645981880692616	5.1959496	-0.04996872	-41.570984	-0.02399177111832961	4.9058657	-0.16049242	-73.10332	-0.034118788826384555	-0.0398983	5.013569	-33.511665	-0.018084039401794594
245	245	6	ID_0_ID_1_ID_2_ID_3_ID_5_ID_7	4.746659	-0.33126116	-128.2532	-0.05554883306944618	5.0606422	-0.14960384	-69.92225	-0.03610748614847514	4.7565756	0.08968115	66.15411	0.037204013161389375	4.9460597	-0.29985857	-115.11182	-0.05475226467192121	4.7778225	-0.2885356	-91.075165	-0.04349111977354906	-0.19591561	4.8575516	-67.64166	-0.030539138100400442
246	246	6	ID_0_ID_1_ID_2_ID_3_ID_5_ID_6	4.712274	-0.3656459	-126.28501	-0.0552690759528577	4.898103	-0.31214285	-108.295654	-0.04790729566261531	4.614225	-0.052669525	-60.69955	-0.038586183092849946	4.8042336	-0.44168472	-167.98727	-0.07888462199866957	4.5980387	-0.46831942	-133.84946	-0.060550205077608395	-0.3280925	4.7253747	-119.423386	-0.056239476356920184
247	247	7	ID_0_ID_1_ID_2_ID_3_ID_5_ID_6_ID_7	4.7560534	-0.3218665	-119.754486	-0.05261164087288324	4.877919	-0.3323269	-119.40901	-0.05110273476880116	4.6798553	0.012960911	54.13366	0.03660236197466667	4.807382	-0.43853617	-164.58286	-0.07693152475492389	4.6021442	-0.46421385	-136.72267	-0.06186526945093571	-0.3087965	4.744671	-97.267075	-0.04118176157457547
248	248	5	ID_0_ID_1_ID_2_ID_3_ID_4	5.030441	-0.047479153	-59.111687	-0.034083790446789865	5.030867	-0.17937899	-85.511795	-0.0396328768708022	4.79673	0.1298356	63.641094	0.03488316035978298	5.2669477	0.021029472	42.844143	0.023840529748162188	4.984756	-0.0816021	-61.20267	-0.030813952407400386	-0.031519033	5.0219483	-19.868181	-0.009161385923409458
249	249	6	ID_0_ID_1_ID_2_ID_3_ID_4_ID_7	4.7709074	-0.30701256	-114.714005	-0.05119337829479467	4.913423	-0.29682302	-112.9866	-0.04888943161335422	4.7652297	0.098335266	66.42685	0.036912420528970924	5.0147624	-0.23115587	-82.70712	-0.040595273457690415	4.852972	-0.21338606	-72.74684	-0.0354377779350533	-0.19000845	4.863459	-63.345543	-0.027840688154384334
250	250	6	ID_0_ID_1_ID_2_ID_3_ID_4_ID_6	4.733628	-0.34429216	-118.69419	-0.05332591818592088	4.7746005	-0.43564558	-155.28076	-0.06423932073209668	4.626288	-0.0406065	-69.129776	-0.041506147324138244	4.847655	-0.39826345	-141.29176	-0.06706321290486934	4.6544065	-0.41195154	-111.6781	-0.05046617440835194	-0.32615185	4.7273154	-119.21492	-0.05532015471107542
251	251	7	ID_0_ID_1_ID_2_ID_3_ID_4_ID_6_ID_7	4.764094	-0.31382608	-116.046486	-0.052071714843816654	4.7903175	-0.41992855	-160.3673	-0.06595201672623967	4.685078	0.018183708	60.47579	0.03914109310662101	4.857538	-0.38838005	-133.6254	-0.06343302333943426	4.6579366	-0.40842152	-115.96138	-0.05249721125876466	-0.3024745	4.750993	-93.10496	-0.03896257461232685
252	252	6	ID_0_ID_1_ID_2_ID_3_ID_4_ID_5	4.9895473	-0.08837271	-68.45339	-0.03886402790607279	5.0295496	-0.18069649	-79.42088	-0.03966557362630593	4.7964115	0.12951708	74.76659	0.03961076426467973	5.237631	-0.00828743	-41.26503	-0.024259961878802198	4.8806577	-0.18570042	-78.2699	-0.03735171419674186	-0.06670799	4.986759	-38.528522	-0.020106102668648613
253	253	7	ID_0_ID_1_ID_2_ID_3_ID_4_ID_5_ID_7	4.730485	-0.347435	-133.37598	-0.058896103232947916	4.9065204	-0.30372572	-104.36093	-0.04706561057163547	4.7583055	0.091411114	73.685616	0.04096373045292361	4.967827	-0.27809143	-98.934235	-0.04843888107761232	4.7482095	-0.3181486	-98.96853	-0.04675247650325246	-0.23119792	4.822269	-72.390816	-0.032037868186504906
254	254	7	ID_0_ID_1_ID_2_ID_3_ID_4_ID_5_ID_6	4.7024574	-0.37546253	-132.32979	-0.059087339273147	4.7483273	-0.46191883	-150.51407	-0.0634659097976076	4.625723	-0.04117155	-67.78943	-0.04312831608921564	4.8029385	-0.4429798	-160.4766	-0.07620795630270416	4.5684514	-0.49790668	-143.62654	-0.06465916501383961	-0.36388788	4.6895795	-130.9473	-0.0613097372953028
255	255	8	ID_0_ID_1_ID_2_ID_3_ID_4_ID_5_ID_6_ID_7	4.7462	-0.33171988	-125.81116	-0.05637511967489815	4.7559004	-0.4543457	-158.95418	-0.06616239794003102	4.6856585	0.018764019	65.07161	0.04191867914931812	4.8104644	-0.4354539	-154.63605	-0.07325192704611577	4.5684037	-0.49795437	-147.93872	-0.06644445260089714	-0.34014195	4.713325	-104.4537	-0.04406304362252479
